k,exact,IAPPA1_q1.75,IAPPA2_q1.75,delta1_bound_component,delta2_bound_component
0,64.0,64.0,64.0,0.0,0.0
1,0.9035266150575163,1.1199808635660053,1.1026077372877978,0.020000000000000004,0.020000000000000004
2,0.016735600312624235,0.03310050153671238,0.029635867988593193,0.032304366741753104,0.01265003135090904
3,6.888978176264438e-05,0.0009717653308639258,0.0005044992874262238,0.03944475447562895,0.00847733775822333
4,6.9013448353032365e-06,9.87163262008435e-06,1.0863274409812753e-08,0.04365262306742729,0.006060705411422327
5,0.00030273219771829107,3.6297422444752784e-07,2.9362485078163822e-05,0.04614225454788755,0.004550904058518056
6,0.0009114129314095295,4.5232949939615796e-05,0.00025052618765648496,0.04758101804809635,0.003546133923526095
7,0.0012765232691901171,0.00022684436994729402,0.0005903037135885201,0.048353204862003965,0.0028435286124005327
8,0.0012209187915304196,0.0004965841449876689,0.0008212145111810059,0.048690417999079944,0.0023326157785307612
9,0.000931596044718948,0.0007152240696010624,0.000846588778309523,0.04873781106435363,0.0019492043452312537
10,0.0006159832102563676,0.0007912508286834252,0.0007194296834416714,0.04858937733272758,0.001653939942455182
11,0.0003707954005869644,0.0007304298270229245,0.000536429480389905,0.048307650584728204,0.0014215987709520052
12,0.00020950106355826224,0.0005937281267273348,0.0003655063583660017,0.04793517425590517,0.0012354011641204496
13,0.00011319872449753996,0.0004415825786140077,0.00023394760396301453,0.04750142764159408,0.0010838274017410173
14,5.912064708265091e-05,0.0003092165740064314,0.00014334764647235072,0.04702714417563377,0.0009587524023480298
15,2.9992689268413308e-05,0.0002083375928017292,8.516505967638475e-05,0.04652707963633086,0.0008543098184191881
16,1.4786073297595605e-05,0.00013733731183534318,4.9471636967815774e-05,0.04601183037513714,0.0007661766748252276
17,7.058574174851194e-06,8.974345611934005e-05,2.824029346713068e-05,0.04548905337444227,0.0006911094311777304
18,3.2382232001161096e-06,5.873897168424018e-05,1.5881714489659426e-05,0.044964300510792574,0.0006266352208345135
19,1.409812991110787e-06,3.883442754778322e-05,8.803513457448617e-06,0.044441598624855326,0.0005708415962288482
20,5.711184109274465e-07,2.6114456096579667e-05,4.803952823738412e-06,0.043923858878204686,0.0005222303911072549
21,2.0862434946505012e-07,1.796403531926419e-05,2.573081386088059e-06,0.04341316947851908,0.0004796142616435919
22,6.515453793440639e-08,1.2700484901413758e-05,1.3463919051990018e-06,0.04291100748162122,0.00044204221534537735
23,1.5727554751675077e-08,9.2627895208907e-06,6.835424823763719e-07,0.04241839365711181,0.000408745191438698
24,2.330891270693341e-09,6.9880870459983626e-06,3.3340956208970044e-07,0.041936006784706804,0.0003790957434617723
25,9.857853407511196e-11,5.462974469880829e-06,1.540317221211964e-07,0.04146426870982125,0.00035257779143855843
26,4.278588234884886e-15,4.428719137402798e-06,6.601715302193679e-08,0.04100340810255173,0.000328763664786566
27,1.2204941840327515e-10,3.722228554431155e-06,2.5425498455833677e-08,0.04055350855800094,0.0003072964919120325
28,1.381278198808891e-09,3.2397089133338196e-06,8.34262943883688e-09,0.04011454508343323,0.0002878765573835176
29,5.494146188976241e-09,2.914369983088938e-06,2.1095277426759087e-09,0.03968641190462922,0.0002702506356642448
30,1.407991444134455e-08,2.7027157052242953e-06,3.2714335009322465e-10,0.03926894373689315,0.000254203580710239
31,2.8318014833570828e-08,2.5760556686095866e-06,1.4600678674982056e-11,0.038861932104002135,0.00023955164148031083
32,4.886615038275939e-08,2.5151913143702628e-06,5.480982780642388e-16,0.03846513788285417,0.00022613710960961355
33,7.589258103484505e-08,2.507039908712723e-06,1.910249673125457e-11,0.03807830095637127,0.00021382400385594534
34,1.0915153353324726e-07,2.5424495819306823e-06,2.256344066952694e-10,0.037701147640508484,0.00020249456770092178
35,1.480688799824736e-07,2.6147543753660484e-06,9.309990636895297e-10,0.03733339639088244,0.0001920464093778136
36,1.918241395357261e-07,2.7187966685391084e-06,2.4681282521368467e-09,0.036974762175028666,0.0001823901529327865
37,2.394238650628706e-07,2.850252506755537e-06,5.126181784990574e-09,0.036624959806614704,0.00017344749843482802
38,2.8976547844081774e-07,3.00516122834408e-06,9.124616117653853e-09,0.03628370647020247,0.0001651496117680608
39,3.4169215729133844e-07,3.1796009742067226e-06,1.4608230024868606e-08,0.03595072361368932,0.00015743578145105194
40,3.940397640585273e-07,3.3694759240247503e-06,2.165259470192662e-08,0.035625738346237106,0.00015025229298821049
41,4.4567671289712297e-07,3.5703952318746465e-06,3.0273885154279524e-08,0.035308484449299286,0.0001435514813553413
42,4.955374224192839e-07,3.777631124854854e-06,4.043972997726496e-08,0.034998703085048814,0.00013729093007865982
43,5.426497592290803e-07,3.986146694435515e-06,5.207523998512392e-08,0.034696143268440796,0.0001314327915190865
44,5.861567035912813e-07,4.1906840755043475e-06,6.507046882446516e-08,0.03440056215507606,0.00012594320781990524
45,6.253323826553295e-07,4.3859021408340805e-06,7.928754089152342e-08,0.03411172518603739,0.00012079181581481473
46,6.595926125425036e-07,4.566550516496688e-06,9.456660460682526e-08,0.033829406122246025,0.00011595132225079868
47,6.885001509220365e-07,4.727664487701777e-06,1.1073102385761609e-07,0.03355338699409898,0.00011139713812773709
48,7.117649644742368e-07,4.864763905606997e-06,1.2759196834342192e-07,0.0332834579867907,0.00010710706292557499
49,7.292399384036116e-07,4.974039018436489e-06,1.449525350186805e-07,0.033019417277482206,0.00010306101108119875
50,7.409125775346352e-07,5.05250748515435e-06,1.6261150354191225e-07,0.032761070837116366,9.924077436913794e-05
51,7.468933537856447e-07,5.0981296684891395e-06,1.8036679863451352e-07,0.032508232207002996,9.562981489365662e-05
52,7.474014308408728e-07,5.10987337262738e-06,1.9801870449005065e-07,0.03226072225816621,9.221308426231465e-05
53,7.42748536399775e-07,5.087724015996593e-06,2.1537285262707003e-07,0.03201836893974642,8.897686522007684e-05
54,7.333217529834198e-07,5.032641226704494e-06,2.3224298561717472e-07,0.031781007021391056,8.590863260807787e-05
55,7.19565961587023e-07,4.946467425805561e-06,2.484534851121367e-07,0.03154847783348244,8.299693099565943e-05
56,7.019666034497412e-07,4.831797621263045e-06,2.638416433592473e-07,0.03132062900818265,8.023126673697518e-05
57,6.810333311022013e-07,4.691822037439603e-06,2.782596525531939e-07,0.03109731422358051,7.760201253926567e-05
58,6.572850090924176e-07,4.530154216210754e-06,2.9157628542484493e-07,0.03087839295267026,7.510032291086487e-05
59,6.31236406050224e-07,4.350656908889076e-06,3.0367824283460513e-07,0.03066373021844783,7.271805909281272e-05
60,6.03386801101014e-07,4.15727665636659e-06,3.14471149192735e-07,0.030453196356056377,7.044772227647298e-05
61,5.742106159512592e-07,3.953895754463071e-06,3.238801836154438e-07,0.030246666782631243,6.828239407718153e-05
62,5.441500845361454e-07,3.744207687202478e-06,3.3185034318094167e-07,0.030044021775270758,6.621568337588842e-05
63,5.136098885146534e-07,3.5316194279868794e-06,3.383463438262931e-07,0.029845146257382715,6.424167876127587e-05
64,4.829536210059317e-07,3.3191815405884857e-06,3.4335217371405095e-07,0.029649929593517484,6.23549059074374e-05
65,4.525018931673252e-07,3.1095449559222793e-06,3.4687032274712296e-07,0.029458265392690315,6.0550289309779876e-05
66,4.225318676766384e-07,2.9049417630029887e-06,3.4892071985028046e-07,0.029270051320111647,5.88231178767471e-05
67,3.9327798814888657e-07,2.707186357732754e-06,3.4953941629095306e-07,0.029085188917180153,5.716901393923938e-05
68,3.6493367165495033e-07,2.5176928019111606e-06,3.487770584090795e-07,0.028903583429545198,5.55839052948655e-05
69,3.376537401890255e-07,2.337504175947807e-06,3.466971965032019e-07,0.028725143643010043,5.406399995178251e-05
70,3.115573834823396e-07,2.16732996026983e-06,3.433744782217465e-07,0.02854978172702209,5.260576327800253e-05
71,2.8673146745717423e-07,2.007587947171066e-06,3.388927746772428e-07,0.028377413085479492,5.120589729763682e-05
72,2.6323402761010974e-07,1.8584477709401622e-06,3.3334328576553895e-07,0.028207956214573112,4.986132190641346e-05
73,2.4109781281359284e-07,1.7198737703594731e-06,3.2682266802951947e-07,0.028041332567377543,4.8569157805627644e-05
74,2.2033377092350714e-07,1.5916655047097951e-06,3.194312241054472e-07,0.02787746642490363,4.732671097703833e-05
75,2.0093439205211437e-07,1.4734947924354386e-06,3.112711876086672e-07,0.027716284773326966,4.61314585415989e-05
76,1.8287684763714856e-07,1.3649386080140111e-06,3.024451315447449e-07,0.027557717187111086,4.4981035862715834e-05
77,1.6612588304181927e-07,1.2655075484969625e-06,2.9305452225753056e-07,0.0274016957177503,4.387322477032033e-05
78,1.50636438142504e-07,1.174669867851144e-06,2.8319843481271655e-07,0.02724815478786473,4.280594279571232e-05
79,1.363559841840779e-07,1.0918712824370153e-06,2.7297243979861077e-07,0.027097031090388534,4.177723331915116e-05
80,1.2322657623552518e-07,1.0165508861880395e-06,2.6246766600060224e-07,0.02694826349260162,4.078525654274077e-05
81,1.1118662908791907e-07,9.481535922423924e-07,2.517700384243526e-07,0.026801792944764726,3.982828121047811e-05
82,1.0017243068980906e-07,8.861395517380089e-07,2.409596868127914e-07,0.026657562393127717,3.890467700556281e-05
83,9.011941152633899e-08,8.299910019186917e-07,2.301105161881917e-07,0.026515516697090825,3.8012907562342825e-05
84,8.096319103689412e-08,7.792169746706329e-07,2.192899280782199e-07,0.026375602550308578,3.7151524036715155e-05
85,7.26404235374064e-08,7.333562613322815e-07,2.0855867894492786e-07,0.026237768405535964,3.631915918451622e-05
86,6.508946644866322e-08,6.919789865042179e-07,1.9797086089110697e-07,0.02610196440302594,3.551452190251252e-05
87,5.82508931807715e-08,6.546870973985731e-07,1.875739889105892e-07,0.025968142302296843,3.473639219111736e-05
88,5.206787200165055e-08,6.211140293786648e-07,1.77409178704094e-07,0.025836255417097265,3.398361650198021e-05
89,4.6486430804741004e-08,5.90923764978535e-07,1.6751139931711343e-07,0.025706258553404707,3.325510343718148e-05
90,4.145562603559208e-08,5.638094642006745e-07,1.5790978548428667e-07,0.025578107950302825,3.254981976996784e-05
91,3.6927632255917446e-08,5.394918089466386e-07,1.48627995499588e-07,0.025451761223590018,3.186678675982625e-05
92,3.285776700755663e-08,5.177171742442106e-07,1.3968460159151646e-07,0.025327177311979938,3.120507673725833e-05
93,2.920446385493326e-08,4.982557133805951e-07,1.3109350109224113e-07,0.025204316425761805,3.056380993591414e-05
94,2.5929204781106142e-08,4.808994228166487e-07,1.2286433808286747e-07,0.02508313999779543,2.994215155180634e-05
95,2.2996421521579488e-08,4.654602354125254e-07,1.1500292661678606e-07,0.02496361063672253,2.9339309011177996e-05
96,2.0373373961263628e-08,4.517681765611758e-07,1.0751166802256839e-07,0.024845692082282267,2.8754529430263626e-05
97,1.803001240312484e-08,4.3966960681799943e-07,1.0038995612996004e-07,0.024729349162624904,2.8187097251683424e-05
98,1.5938829344488882e-08,4.290255660699508e-07,9.363456551928823e-08,0.024614547753523234,2.7636332043563148e-05
99,1.4074705365621077e-08,4.197102277814507e-07,8.724001904648065e-08,0.02450125473938679,2.710158644869272e-05
100,1.2414752838285697e-08,4.1160946701043544e-07,8.119893193065743e-08,0.02438943797598898,2.6582244272139283e-05
101,1.093816039022607e-08,4.046195423780363e-07,7.550233060288517e-08,0.0242790662548221,2.6077718696727552e-05
102,9.6260404042111e-09,3.986458897202702e-07,7.01399453022705e-08,0.02417010926899975,2.5587450616702922e-05
103,8.461281276114074e-09,3.9360202351530145e-07,6.510047607223275e-08,0.02406253758063056,2.5110907080710706e-05
104,7.428405693997242e-09,3.8940854117117683e-07,6.037183236171211e-08,0.023956322589591055,2.464757983596668e-05
105,6.513435818267507e-09,3.8599222471782643e-07,5.594134688155938e-08,0.023851436503629572,2.4196983966167544e-05
106,5.703765931144726e-09,3.8328523424525236e-07,5.1795964715160404e-08,0.023747852309736545,2.3758656616301934e-05
107,4.98804287222113e-09,3.812243874647265e-07,4.792240894496359e-08,0.023645543746720083,2.3332155798079156e-05
108,4.356054376934748e-09,3.7975051996037387e-07,4.430732424374997e-08,0.02354448527892894,2.291705927019958e-05
109,3.79862527838485e-09,3.788079209815102e-07,4.093740000179913e-08,0.02344465207106801,2.251296348815226e-05
110,3.307521413038501e-09,3.783438399528729e-07,3.7799474628692734e-08,0.02334601996405445,2.2119482618646432e-05
111,2.8753609813345456e-09,3.783080592137678e-07,3.488062269080856e-08,0.023248565451865218,2.1736247614167736e-05
112,2.495533049618108e-09,3.7865252881131513e-07,3.21682265312384e-08,0.023152265659329322,2.1362905343501048e-05
113,2.1621228356150608e-09,3.793310594485877e-07,2.9650033975659848e-08,0.023057098320820698,2.0999117774382745e-05
114,1.8698433918380055e-09,3.8029906991328294e-07,2.7314203662430366e-08,0.022963041759809698,2.0644561204738802e-05
115,1.6139732865640712e-09,3.815133854799368e-07,2.514933945377635e-08,0.022870074869233484,2.029892553923393e-05
116,1.390299877534225e-09,3.8293208388634156e-07,2.3144515292455963e-08,0.022778177092647695,1.9961913608103372e-05
117,1.1950677769548793e-09,3.845143855343185e-07,2.1289291768912862e-08,0.022687328406123516,1.963324052546494e-05
118,1.0249321158008648e-09,3.862205845610431e-07,1.957372556118297e-08,0.022597509300856324,1.931263308451604e-05
119,8.769162292371731e-10,3.880120173768901e-07,1.7988372806472564e-08,0.022508700766453626,1.8999829187211198e-05
120,7.483734019052319e-10,3.898510651785901e-07,1.6524287361601616e-08,0.02242088427487175,1.8694577306190216e-05
121,6.36952330818449e-10,3.917011868331439e-07,1.517301481109621e-08,0.022334041764972244,1.839663597688842e-05
122,5.405659838536422e-10,3.935269784003061e-07,1.3926582987864485e-08,0.022248155627670393,1.8105773317908428e-05
123,4.5736355265823015e-10,3.9529425543199635e-07,1.2777489682981085e-08,0.02216320869164963,1.7821766577869366e-05
124,3.8570521971264605e-10,3.9697015406824064e-07,1.1718688138700322e-08,0.022079184209616996,1.7544401707075275e-05
125,3.2413947990884034e-10,3.985232468534028e-07,1.074357084273191e-08,0.02199606584507589,1.7273472952460356e-05
126,2.713827770430052e-10,3.9992366913483686e-07,9.845952072155637e-09,0.02191383765959366,1.700878247437584e-05
127,2.2630123486780494e-10,4.011432518887425e-07,9.02004957207416e-09,0.021832484100542608,1.6750139983882007e-05
128,1.8789428066475013e-10,4.02155656853321e-07,8.260465697035982e-09,0.02175198998929401,1.6497362399300315e-05
129,1.5527997659044702e-10,4.0293650994366926e-07,7.562168292143793e-09,0.021672340509845837,1.6250273520864986e-05
130,1.276818902711522e-10,4.034635290803072e-07,6.920471545273082e-09,0.021593521197865645,1.600870372239155e-05
131,1.0441735124960999e-10,4.0371664278544657e-07,6.331017001597829e-09,0.021515517930131137,1.5772489658952153e-05
132,8.488695393174355e-11,4.036780961871671e-07,5.789754896264754e-09,0.021438316914351635,1.5541473989614467e-05
133,6.856518066162053e-11,4.0333254141813877e-07,5.292925930176515e-09,0.021361904679354546,1.5315505114363125e-05
134,5.49920305075083e-11,4.0266710979660287e-07,4.837043587039356e-09,0.021286268065621637,1.5094436924380141e-05
135,4.376555031529052e-11,4.0167146362499605e-07,4.418877066713074e-09,0.021211394216160646,1.4878128564914281e-05
136,3.453517462964195e-11,4.003378259260177e-07,4.035434890097607e-09,0.021137270567698447,1.466644421001887e-05
137,2.6995790253409075e-11,3.986609869458032e-07,3.6839492139468876e-09,0.0210638848421826,1.445925284848367e-05
138,2.0882449568617057e-11,3.966382867768098e-07,3.3618608797856167e-09,0.020991225038578778,1.4256428080329262e-05
139,1.596566433569535e-11,3.942695739762311e-07,3.066805209210647e-09,0.020919279424952086,1.4057847923272163e-05
140,1.2047218577335156e-11,3.91557140566305e-07,2.7965985480031794e-09,0.02084803653082082,1.3863394628606005e-05
141,8.95644539467556e-12,3.8850563428839515e-07,2.5492255534030753e-09,0.020777485139771852,1.3672954505978557e-05
142,6.5469182088621545e-12,3.8512194943168264e-07,2.322827212368462e-09,0.020707614282327143,1.3486417756576527e-05
143,4.693512020424793e-12,3.814150979595723e-07,2.1156895734521896e-09,0.02063841322905152,1.3303678314259988e-05
144,3.289794879522744e-12,3.7739606300400386e-07,1.926233170883087e-09,0.020569871483892176,1.3124633694216186e-05
145,2.2457139060640913e-12,3.7307763708320093e-07,1.7530031163768655e-09,0.02050197877774089,1.2949184848728527e-05
146,1.4855439311540426e-12,3.684742476175256e-07,1.5946598319702177e-09,0.020434725062210213,1.2777236029680828e-05
147,9.460701883921916e-13,3.636017724687164e-07,1.4499703956413929e-09,0.02036810050361541,1.2608694657439583e-05
148,5.749795004180991e-13,3.584773483096995e-07,1.3178004705363859e-09,0.020302095477154235,1.2443471195778206e-05
149,3.2943711516954363e-13,3.53119174647214e-07,1.1971067881615094e-09,0.020236700561276914,1.2281479032526978e-05
150,1.7482877724764675e-13,3.4754631627140565e-07,1.0869301558432528e-09,0.02017190653223914,1.2122634365650962e-05
151,8.364979971134239e-14,3.417785068005937e-07,9.863889590190439e-10,0.02010770435883115,1.1966856094475446e-05
152,3.4524855295287213e-14,3.3583595583222095e-07,8.946731294420794e-10,0.02004408519727622,1.18140657157947e-05
153,1.1343955976542729e-14,3.297391620101882e-07,8.1103855110216e-10,0.019981040386292257,1.166418722461494e-05
154,2.5016564541155362e-15,3.2350873408259554e-07,7.348018765309703e-10,0.019918561442310405,1.1517147019296704e-05
155,2.279189883217219e-16,3.17165221760984e-07,6.653357271250377e-10,0.019856640054844818,1.1372873810875022e-05
156,3.3095117645941863e-19,3.1072895791115245e-07,6.020642521269293e-10,0.019795268082008086,1.1231298536348374e-05
157,2.84875276999897e-17,3.042199133148369e-07,5.444590218676448e-10,0.019734437546166897,1.1092354275739023e-05
158,8.02353967753202e-16,2.976575649489171e-07,4.920352315808991e-10,0.01967414062973288,1.0955976172738349e-05
159,4.697316958189089e-15,2.9106077844147535e-07,4.443481917682322e-10,0.019614369671083688,1.0822101358761112e-05
160,1.562943417886078e-14,2.844477050883097e-07,4.009900743929994e-10,0.019555117160609613,1.0690668880242202e-05
161,3.875510492250571e-14,2.7783569355472627e-07,3.615867300488654e-10,0.01949637573688126,1.0561619629018573e-05
162,8.021002178675669e-14,2.71241216149915e-07,3.25795221481829e-10,0.01943813818293392,1.043489627564758e-05
163,1.468828319611134e-13,2.646798093482371e-07,2.933014848974083e-10,0.01938039742266449,1.0310443205520928e-05
164,2.462194437806504e-13,2.5816602804554955e-07,2.638179369127764e-10,0.019323146517337013,1.0188206457641061e-05
165,3.86054366503354e-13,2.5171341288057403e-07,2.3708126884067147e-10,0.019266378662192923,1.0068133665933857e-05
166,5.744658745182575e-13,2.453344698216752e-07,2.1285042162152203e-10,0.01921008718316241,9.95017400297821e-06
167,8.196521466299655e-13,2.390406611178811e-07,1.9090472870005228e-10,0.01915426553367336,9.834278126039373e-06
168,1.1298258513694087e-12,2.32842406638492e-07,1.7104221367638175e-10,0.01909890729155446,9.720398125298823e-06
169,1.513124934638203e-12,2.2674909457661361e-07,1.5307803012806632e-10,0.019044006156029247,9.608487474179063e-06
170,1.9775376201518604e-12,2.207691004663605e-07,1.368430318297528e-10,0.018989555944798,9.498500981666963e-06
171,2.5308398594570688e-12,2.149098134589925e-07,1.2218246248052822e-10,0.0189355505912044,9.390394746544244e-06
172,3.18054366975747e-12,2.0917766881731335e-07,1.0895475491394092e-10,0.018881984141484193,9.284126113438392e-06
173,3.933854977069952e-12,2.03578185617644e-07,9.703043058539293e-11,0.018828850752092955,9.179653630611646e-06
174,4.797639741743831e-12,1.9811600869192565e-07,8.629109089670689e-11,0.018776144687110412,9.076937009409973e-06
175,5.77839728524747e-12,1.9279495389640392e-07,7.662849262599255e-11,0.01872386031571868,8.97593708529775e-06
176,6.882239863271744e-12,1.8761805585542863e-07,6.79437003836328e-11,0.018671992109751973,8.8766157804077e-06
177,8.114877642323408e-12,1.8258761739686634e-07,6.014630961491908e-11,0.018620534641315478,8.778936067539063e-06
178,9.481608336607756e-12,1.777052599673479e-07,5.3153734219887983e-11,0.018569482580470982,8.682861935540307e-06
179,1.098731085048843e-11,1.7297197438919963e-07,4.689055336475961e-11,0.01851883069298719,8.58835835601588e-06
180,1.263644235037724e-11,1.683881713947796e-07,4.128791252056134e-11,0.01846857383815255,8.495391251299373e-06
181,1.4433038259630964e-11,1.6395373144667082e-07,3.6282974186425915e-11,0.018418706966648588,8.403927463638342e-06
182,1.6380714731882392e-11,1.5966805342260436e-07,3.181841414088986e-11,0.01836922511848174,8.313934725538651e-06
183,1.8482673213071143e-11,1.5553010181117186e-07,2.7841959417291766e-11,0.01832012342097187,8.225381631218726e-06
184,2.0741706751034976e-11,1.5153845212761183e-07,2.4305964521869203e-11,0.018271397086795597,8.138237609126472e-06
185,2.3160207754561e-11,1.476913343176952e-07,2.1167022707958644e-11,0.01822304141208272,8.052472895473868e-06
186,2.5740176941889252e-11,1.4398667397164905e-07,1.838560938918821e-11,0.018175051774564036,7.968058508746392e-06
187,2.8483233252354155e-11,1.4042213121893513e-07,1.5925755020900165e-11,0.018127423631768932,7.884966225146414e-06
188,3.13906245246294e-11,1.3699513721849084e-07,1.3754745004248269e-11,0.018080152519271177,7.803168554931666e-06
189,3.446323877134082e-11,1.3370292819777644e-07,1.1842844373314543e-11,0.018033234048981425,7.722638719611653e-06
190,3.770161590301739e-11,1.3054257702780654e-07,1.0163045213855757e-11,0.017986663907484955,7.643350629966658e-06
191,4.1105959774806846e-11,1.275110223504721e-07,8.690834934451646e-12,0.017940437854423247,7.5652788648555505e-06
192,4.4676150447394743e-11,1.246050952991495e-07,7.403983668281516e-12,0.017894551720918046,7.488398650780228e-06
193,4.841175656941081e-11,1.2182154387415402e-07,6.282349227781172e-12,0.017849001408036594,7.412685842175956e-06
194,5.231204780252296e-11,1.1915705505134555e-07,5.3076981661907396e-12,0.017803782885296805,7.338116902398271e-06
195,5.6376007222629696e-11,1.1660827471548535e-07,4.463541620560199e-12,0.017758892189211114,7.264668885378444e-06
196,6.060234364125402e-11,1.1417182552012016e-07,3.734984721102627e-12,0.01771432542186788,7.192319417920762e-06
197,6.498950380059162e-11,1.1184432278317574e-07,3.1085884527598603e-12,0.01767007874954916,7.121046682616097e-06
198,6.953568440382533e-11,1.0962238853241666e-07,2.572242947279226e-12,0.017626148401383795,7.050829401347323e-06
199,7.423884394942238e-11,1.0750266381778502e-07,2.1150512687292644e-12,0.01758253066803475,6.981646819363298e-06
200,7.909671434430193e-11,1.054818194086776e-07,1.7272228328790949e-12,0.017539221900419674,6.913478689899075e-06
201,8.410681227610907e-11,1.035565649937319e-07,1.3999756718434069e-12,0.017496218508463682,6.846305259321062e-06
202,8.926645032944692e-11,1.017236569989293e-07,1.1254468204122192e-12,0.017453516959883456,6.7801072527767234e-06
203,9.457274783489427e-11,9.997990513701887e-08,8.96610160052383e-13,0.01741111377900168,6.714865860329334e-06
204,1.0002264144304312e-10,9.832217779763329e-08,7.072011111520773e-13,0.017369005545590982,6.650562723559134e-06
205,1.0561289541869544e-10,9.674740638318871e-08,5.516476141056759e-13,0.01732718889374648,6.587179922613021e-06
206,1.1134011165282683e-10,9.525258869090721e-08,4.25006885692715e-13,0.017285660510786113,6.524699963685717e-06
207,1.1720073939200403e-10,9.383479143621032e-08,3.2290747924571466e-13,0.017244417136177973,6.463105766916032e-06
208,1.2319108468668235e-10,9.249115200742972e-08,2.414962156512214e-13,0.017203455560493842,6.402380654682572e-06
209,1.2930731956125376e-10,9.121887953637407e-08,1.773895875822503e-13,0.017162772624388173,6.342508340283893e-06
210,1.355454909098979e-10,9.001525536386467e-08,1.2762927178856191e-13,0.017122365217601833,6.283472916988725e-06
211,1.4190152912324331e-10,8.887763297397765e-08,8.964141402069444e-14,0.01708223027798984,6.225258847442504e-06
212,1.4837125645160572e-10,8.780343746547108e-08,6.11993784599485e-14,0.017042364790572483,6.167850953417024e-06
213,1.549503951111544e-10,8.679016462376992e-08,4.038967857577007e-14,0.017002765786609118,6.111234405890541e-06
214,1.61634575139794e-10,8.583537965197321e-08,2.558082932263153e-14,0.016963430342694024,6.055394715446231e-06
215,1.684193420098617e-10,8.493671561465504e-08,1.5394881692901122e-14,0.01692435557987369,6.000317722977355e-06
216,1.7530016400493193e-10,8.409187164377788e-08,8.681420017890309e-15,0.016885538662784975,5.945989590688001e-06
217,1.8227243936812893e-10,8.329861095182761e-08,4.493820200407927e-15,0.016846976798813494,5.892396793378677e-06
218,1.893315032293676e-10,8.25547586933252e-08,2.067583400587246e-15,0.01680866723727175,5.839526110006525e-06
219,1.964726343189e-10,8.185819971216525e-08,8.00574703135183e-16,0.016770607268596412,5.787364615510289e-06
220,2.0369106147444002e-10,8.120687620877536e-08,2.350100788992175e-16,0.01673279422356423,5.735899672890582e-06
221,2.1098196994898947e-10,8.059878535787397e-08,4.104761782526307e-17,0.0166952254725261,5.68511892553639e-06
222,2.183405075263013e-10,8.003197690461745e-08,1.850646522114541e-18,0.016657898424658774,5.635010289789089e-06
223,2.2576179045069092e-10,7.950455076415879e-08,1.0839928670004786e-21,0.016620810527233715,5.585561947735608e-06
224,2.3324090917766463e-10,7.901465464707793e-08,5.233593831662802e-18,0.01658395926490266,5.536762340222713e-06
225,2.407729339515625e-10,7.85604817307703e-08,6.388112799288936e-17,0.016547342158999466,5.488600160084672e-06
226,2.4835292021613977e-10,7.814026839468411e-08,2.896731542500833e-16,0.01651095676685773,5.441064345576886e-06
227,2.5597591386371345e-10,7.775229203526326e-08,8.553242508624588e-16,0.01647480068114387,5.3941440740083765e-06
228,2.6363695632820656e-10,7.739486897456245e-08,1.984852838410758e-15,0.01643887152920514,5.347828755566236e-06
229,2.713310895271223e-10,7.70663524747482e-08,3.946574163505965e-15,0.01640316697243227,5.302108027325494e-06
230,2.7905336065717764e-10,7.676513086906101e-08,7.046715690794512e-15,0.01636768470563634,5.256971747438032e-06
231,2.867988268480287e-10,7.64896258182839e-08,1.1623606818818966e-14,0.016332422456439455,5.212409989494472e-06
232,2.945625596782231e-10,7.623829070032548e-08,1.8042398330972088e-14,0.016297377984678927,5.1684130370531675e-06
233,3.023396495572274e-10,7.600960913917152e-08,2.6690270242898884e-14,0.01626254908182458,5.124971378330663e-06
234,3.101252099770957e-10,7.580209367817739e-08,3.797208972898965e-14,0.01622793357040886,5.082075701048199e-06
235,3.1791438163707027e-10,7.56142846014562e-08,5.230648361870889e-14,0.01619352930346937,5.039716887429037e-06
236,3.257023364441456e-10,7.544474890595622e-08,7.012229256303514e-14,0.016159334164003603,4.997886009341582e-06
237,3.3348428139236656e-10,7.529207942570847e-08,9.185537639589598e-14,0.01612534606443545,4.9565743235834645e-06
238,3.412554623234012e-10,7.515489410865818e-08,1.179457424679211e-13,0.01609156294609327,4.915773267301924e-06
239,3.490111675706851e-10,7.503183544546473e-08,1.488349708219952e-13,0.016057982778699197,4.875474453546014e-06
240,3.567467314892267e-10,7.492157004866473e-08,1.8496391202308455e-13,0.01602460355986939,4.835669666946293e-06
241,3.64457537872951e-10,7.482278837963488e-08,2.2677063525898563e-13,0.01599142331462496,4.7963508595178625e-06
242,3.721390232612699e-10,7.473420461986906e-08,2.7468860600366403e-13,0.01595844009491332,4.757510146582727e-06
243,3.797866801363813e-10,7.465455668219423e-08,3.291450740897245e-13,0.015925651979139675,4.719139802807618e-06
244,3.873960600126393e-10,7.458260635669553e-08,3.905596544796802e-13,0.015893057071708398,4.681232258353563e-06
245,3.949627764191773e-10,7.451713958530125e-08,4.593430843648757e-13,0.015860653502574082,4.643780095133599e-06
246,4.0248250777682245e-10,7.445696685819889e-08,5.358961414634837e-13,0.015828439426801986,4.606776043175194e-06
247,4.0995100017021513e-10,7.440092372451373e-08,6.206087095417068e-13,0.015796413024137673,4.570212977084014e-06
248,4.173640700159245e-10,7.434787140898829e-08,7.138589782515091e-13,0.015764572498585594,4.5340839126058424e-06
249,4.247176066272503e-10,7.42966975257556e-08,8.160127653697734e-13,0.01573291607799641,4.4983820032835375e-06
250,4.3200757467630126e-10,7.424631687970611e-08,9.274229504431943e-13,0.01570144201366286,4.463100537206037e-06
251,4.3923001655386365e-10,7.419567234541466e-08,1.0484290096955987e-12,0.015670148579923902,4.4282329338465325e-06
252,4.463810546274985e-10,7.414373581311933e-08,1.1793566428444913e-12,0.015639034073777026,4.393772740987021e-06
253,4.5345689339824956e-10,7.408950919083727e-08,1.3205174832058288e-12,0.01560809681449844,4.359713631726543e-06
254,4.604538215562886e-10,7.403202545136523e-08,1.4722088831445094e-12,0.015577335143271009,4.3260494015705255e-06
255,4.673682139357893e-10,7.397034971264946e-08,1.6347137675566193e-12,0.015546747422819742,4.292773965598714e-06
256,4.741965333692904e-10,7.390358033982253e-08,1.8083005486516453e-12,0.01551633203705464,4.259881355709292e-06
257,4.809353324417857e-10,7.38308500571007e-08,1.993223095841997e-12,0.015486087390720727,4.227365717936827e-06
258,4.87581255144767e-10,7.37513270577105e-08,2.1897207550463354e-12,0.015456011909055128,4.195221309841831e-06
259,4.941310384304438e-10,7.366421610007588e-08,2.398018412175247e-12,0.015426104037450972,4.163442497969713e-06
260,5.005815136663659e-10,7.356875957864267e-08,2.618326595995376e-12,0.015396362241128005,4.132023755377061e-06
261,5.069296079906909e-10,7.346423855794974e-08,2.850841615963785e-12,0.015366785004809745,4.100959659223197e-06
262,5.131723455683514e-10,7.334997375887238e-08,3.0957457309901948e-12,0.01533737083240702,4.070244888425053e-06
263,5.193068487484104e-10,7.322532648636342e-08,3.353207345423215e-12,0.01530811824670773,4.039874221373473e-06
264,5.253303391229163e-10,7.308969948849803e-08,3.6233812288694872e-12,0.015279025789072722,4.0098425337091065e-06
265,5.312401384876156e-10,7.294253773718626e-08,3.906408756743853e-12,0.01525009201913761,3.980144796156117e-06
266,5.37033669704919e-10,7.278332912154895e-08,4.202418168715767e-12,0.015221315514520394,3.950776072412007e-06
267,5.427084574695696e-10,7.261160504565141e-08,4.511524842464024e-12,0.015192694870534795,3.9217315170918895e-06
268,5.482621289775079e-10,7.24269409230528e-08,4.833831580379618e-12,0.015164228699909108,3.893006373725615e-06
269,5.53692414498494e-10,7.222895656144633e-08,5.169428907066961e-12,0.015135915632510504,3.864595972806204e-06
270,5.58997147853101e-10,7.201731643153243e-08,5.518395375687678e-12,0.015107754315074617,3.836495729888086e-06
271,5.641742667947614e-10,7.179172981517676e-08,5.880797881370245e-12,0.015079743410940337,3.8087011437336987e-06
272,5.692218132976161e-10,7.155195082884403e-08,6.256691980073593e-12,0.015051881599789648,3.781207794507049e-06
273,5.741379337509782e-10,7.129777831926633e-08,6.6461222114450665e-12,0.015024167577392429,3.7540113420128743e-06
274,5.7892087906131e-10,7.102905562928428e-08,7.049122424352945e-12,0.01499660005535609,3.727107523980099e-06
275,5.835690046626647e-10,7.074567023278787e-08,7.465716103902853e-12,0.014969177760879956,3.7004921543883147e-06
276,5.880807704366404e-10,7.044755323866902e-08,7.895916698865863e-12,0.014941899436514262,3.6741611218360548e-06
277,5.924547405429512e-10,7.01346787646707e-08,8.339727948555185e-12,0.01491476383992368,3.648110387949675e-06
278,5.966895831618111e-10,6.980706318297222e-08,8.797144208288701e-12,0.014887769743655285,3.62233598583169e-06
279,6.007840701493943e-10,6.946476424027341e-08,9.268150772666424e-12,0.01486091593491083,3.596834018547449e-06
280,6.047370766077146e-10,6.910788005602935e-08,9.752724195976481e-12,0.014834201215323268,3.571600657649077e-06
281,6.085475803703447e-10,6.873654800332923e-08,1.0250832609120716e-11,0.014807624400737407,3.546632141735627e-06
282,6.122146614054725e-10,6.835094347770615e-08,1.0762436032521791e-11,0.01478118432099463,3.5219247750484383e-06
283,6.157375011378607e-10,6.795127855989704e-08,1.1287486684538541e-11,0.014754879819721558,3.4974749261007197e-06
284,6.191153816913579e-10,6.753780057924283e-08,1.182592928497558e-11,0.01472870975412261,3.473279026340405e-06
285,6.22347685053675e-10,6.71107905850219e-08,1.2377701353327284e-11,0.014702672994776341,3.4493335688453617e-06
286,6.254338921652163e-10,6.66705617335384e-08,1.2942733501445508e-11,0.014676768425435504,3.425635107050061e-06
287,6.283735819338194e-10,6.621745759924257e-08,1.3520949720365131e-11,0.014650994942830743,3.402180253502847e-06
288,6.311664301773248e-10,6.575185041853697e-08,1.4112267661062136e-11,0.014625351456477831,3.378965678652961e-06
289,6.338122084959615e-10,6.527413927522051e-08,1.4716598908955745e-11,0.014599836888488399,3.355988109666518e-06
290,6.363107830766016e-10,6.478474823674112e-08,1.533384925199925e-11,0.014574450173384068,3.333244329270642e-06
291,6.386621134309791e-10,6.42841244505678e-08,1.5963918942233677e-11,0.014549190257913907,3.3107311746249986e-06
292,6.408662510700438e-10,6.377273621005416e-08,1.6606702950705245e-11,0.014524056100875172,3.288445536219986e-06
293,6.429233381166588e-10,6.325107099915319e-08,1.7262091215670826e-11,0.014499046672937211,3.2663843568008656e-06
294,6.448336058589085e-10,6.271963352525534e-08,1.7929968884036188e-11,0.014474160956468531,3.244544630317138e-06
295,6.465973732463212e-10,6.217894374926614e-08,1.8610216545989513e-11,0.014449397945366897,3.2229234008964855e-06
296,6.482150453313637e-10,6.16295349218182e-08,1.9302710462807615e-11,0.01442475664489245,3.201517761842635e-06
297,6.496871116585928e-10,6.107195163422881e-08,2.000732278782436e-11,0.014400236071503758,3.180324854656495e-06
298,6.510141446038902e-10,6.050674789247653e-08,2.0723921780559678e-11,0.014375835252696725,3.15934186807996e-06
299,6.521967976662386e-10,5.99344852220802e-08,2.145237201401405e-11,0.014351553226846345,3.1385660371617806e-06
300,6.532358037145179e-10,5.935573081132877e-08,2.2192534575135092e-11,0.01432738904305119,3.1179946423449147e-06
301,6.541319731918349e-10,5.8771055699837294e-08,2.2944267258461915e-11,0.01430334176098062,3.097625008574808e-06
302,6.548861922799037e-10,5.818103301889701e-08,2.3707424752945586e-11,0.014279410450724617,3.0774545044280438e-06
303,6.554994210260298e-10,5.758623628955346e-08,2.4481858821931537e-11,0.014255594192646236,3.0574805412608455e-06
304,6.559726914352398e-10,5.698723778379032e-08,2.5267418476267545e-11,0.014231892077236578,3.037700572376902e-06
305,6.563071055301255e-10,5.638460695362715e-08,2.6063950140467802e-11,0.01420830320497226,3.018112092214028e-06
306,6.565038333809656e-10,5.577890893235765e-08,2.6871297811811913e-11,0.014184826686175322,2.9987126355491704e-06
307,6.565641111086834e-10,5.517070311157144e-08,2.768930321218029e-11,0.014161461640875528,2.9794997767212838e-06
308,6.564892388632092e-10,5.4560541797018415e-08,2.851780593230644e-11,0.014138207198674993,2.9604711288716233e-06
309,6.562805787797938e-10,5.394896894579874e-08,2.93566435679343e-11,0.014115062498615126,2.9416243432010105e-06
310,6.55939552915813e-10,5.333651898679384e-08,3.0205651847047134e-11,0.014092026689045809,2.9229571082436343e-06
311,6.554676411705918e-10,5.2723715725703684e-08,3.106466474676443e-11,0.014069098927496778,2.904467149156975e-06
312,6.548663791907479e-10,5.211107133552237e-08,3.19335145974069e-11,0.014046278380551178,2.886152227027437e-06
313,6.541373562635419e-10,5.149908543277371e-08,3.2812032168868125e-11,0.014023564223721221,2.8680101381912965e-06
314,6.532822132006859e-10,5.088824423934347e-08,3.370004672841277e-11,0.014000955641325927,2.8500387135705813e-06
315,6.523026402150422e-10,5.0279019829286633e-08,3.459738603861469e-11,0.013978451826370909,2.832235818023506e-06
316,6.512003747925987e-10,4.967186945956118e-08,3.550387612033754e-11,0.013956051980430125,2.8145993497090993e-06
317,6.499771995620855e-10,4.9067234983241854e-08,3.641933732983036e-11,0.013933755313529628,2.7971272394656734e-06
318,6.486349401645424e-10,4.8465542343404764e-08,3.7343586324307584e-11,0.013911561044033204,2.779817450202785e-06
319,6.471754631251233e-10,4.7867201145542246e-08,3.827643713986143e-11,0.01388946839852989,2.7626679763063597e-06
320,6.456006737293582e-10,4.7272604306071466e-08,3.9217701469008854e-11,0.013867476611723363,2.745676843056656e-06
321,6.439125139060637e-10,4.668212777423718e-08,4.016718883513485e-11,0.013845584926323116,2.7288421060587478e-06
322,6.421129601190297e-10,4.609613032448102e-08,4.112470672535051e-11,0.013823792592937409,2.7121618506852216e-06
323,6.402040212695694e-10,4.5514953416153874e-08,4.209006070164934e-11,0.013802098869967971,2.6956341915307904e-06
324,6.381877366119503e-10,4.493892111728544e-08,4.306305449897378e-11,0.01378050302350641,2.679257271878534e-06
325,6.360661736836823e-10,4.43683400889939e-08,4.404349011458766e-11,0.013759004327232278,2.663029263177481e-06
326,6.338414262525697e-10,4.38034996270177e-08,4.503116789125887e-11,0.013737602062312802,2.6469483645312588e-06
327,6.31515612282376e-10,4.3244671756779104e-08,4.6025886595797036e-11,0.013716295517304218,2.6310128021975454e-06
328,6.290908719188926e-10,4.2692111378345724e-08,4.702744349396146e-11,0.013695083988054682,2.6152208290980644e-06
329,6.265693654981304e-10,4.2146056457635626e-08,4.803563442244028e-11,0.01367396677760873,2.599570724338864e-06
330,6.239532715782964e-10,4.1606728260218086e-08,4.9050253858406867e-11,0.013652943196113277,2.5840607927406414e-06
331,6.212447849971462e-10,4.1074331624088354e-08,5.007109498703107e-11,0.013632012560725094,2.568689364378867e-06
332,6.184461149562356e-10,4.054905526784196e-08,5.109794976723681e-11,0.01361117419551975,2.553454794133479e-06
333,6.155594831335311e-10,4.003107213073991e-08,5.213060899593725e-11,0.013590427431402003,2.538355461247923e-06
334,6.125871218257665e-10,3.9520539741237906e-08,5.316886237093426e-11,0.013569771606017595,2.523389768897306e-06
335,6.095312721218614e-10,3.901760061064887e-08,5.4212498552637765e-11,0.013549206063666436,2.5085561437654635e-06
336,6.063941821086529e-10,3.852238264871744e-08,5.5261305224735094e-11,0.013528730155217147,2.49385303563072e-06
337,6.031781051101148e-10,3.8034999598004386e-08,5.6315069153922126e-11,0.013508343238022934,2.4792789169601443e-06
338,5.998852979611768e-10,3.755555148410878e-08,5.7373576248792994e-11,0.013488044675838775,2.4648322825120963e-06
339,5.965180193171771e-10,3.708412507889151e-08,5.843661161797252e-11,0.013467833838739902,2.45051164894688e-06
340,5.930785279999142e-10,3.662079437400664e-08,5.950395962756588e-11,0.013447710103041532,2.436315554445306e-06
341,5.895690813811983e-10,3.616562106219339e-08,6.057540395799209e-11,0.01342767285121984,2.4222425583349853e-06
342,5.859919338047256e-10,3.57186550239326e-08,6.165072766026001e-11,0.013407721471834158,2.4082912407241715e-06
343,5.823493350470337e-10,3.5279934817221756e-08,6.27297132117401e-11,0.013387855359450364,2.394460202142987e-06
344,5.786435288182271e-10,3.484948816837636e-08,6.381214257147945e-11,0.013368073914565442,2.38074806319185e-06
345,5.748767513030928e-10,3.4427332461916336e-08,6.489779723510331e-11,0.013348376543533198,2.367153464196947e-06
346,5.710512297431597e-10,3.401347522774736e-08,6.598645828934196e-11,0.013328762658491106,2.3536750648725907e-06
347,5.671691810601878e-10,3.3607914623994486e-08,6.707790646621719e-11,0.01330923167728827,2.3403115439902958e-06
348,5.632328105215095e-10,3.3210639913991305e-08,6.817192219692108e-11,0.013289783023414468,2.3270615990544353e-06
349,5.592443104475804e-10,3.282163193606817e-08,6.92682856654144e-11,0.013270416125930275,2.3139239459843153e-06
350,5.552058589620339e-10,3.2440863564921476e-08,7.036677686177047e-11,0.013251130419398242,2.3008973188025316e-06
351,5.51119618784472e-10,3.2068300163476766e-08,7.14671756352874e-11,0.013231925343815098,2.2879804693294612e-06
352,5.469877360661635e-10,3.170390002428677e-08,7.256926174738862e-11,0.013212800344544983,2.2751721668837568e-06
353,5.428123392687649e-10,3.134761479962594e-08,7.367281492432974e-11,0.013193754872253664,2.262471197988703e-06
354,5.385955380861171e-10,3.0999389919559574e-08,7.477761490972696e-11,0.013174788382843744,2.2498763660843097e-06
355,5.343394224091197e-10,3.0659164997374906e-08,7.588344151692085e-11,0.013155900337390829,2.2373864912450112e-06
356,5.300460613336255e-10,3.032687422186542e-08,7.699007468118722e-11,0.013137090202080638,2.2250004099028477e-06
357,5.257175022112508e-10,3.0002446736057e-08,7.809729451180382e-11,0.013118357448147048,2.2127169745760074e-06
358,5.213557697429409e-10,2.9685807002056093e-08,7.920488134398217e-11,0.013099701551811057,2.2005350536026118e-06
359,5.169628651150837e-10,2.937687515178484e-08,8.031261579066913e-11,0.013081121994220636,2.188453530879629e-06
360,5.12540765177913e-10,2.907556732344767e-08,8.142027879422374e-11,0.01306261826139146,2.176471305606798e-06
361,5.080914216659069e-10,2.8781795983646848e-08,8.252765167797232e-11,0.013044189844148528,2.1645872920354628e-06
362,5.036167604598285e-10,2.849547023513156e-08,8.363451619764272e-11,0.013025836238068607,2.1528004192222008e-06
363,4.991186808900281e-10,2.821649611022717e-08,8.474065459267882e-11,0.013007556943423534,2.141109630787145e-06
364,4.945990550805751e-10,2.7944776850047006e-08,8.584584963743309e-11,0.012989351465124331,2.1295138846768984e-06
365,4.90059727333755e-10,2.7680213169640584e-08,8.69498846922358e-11,0.012971219312666137,2.11801215293194e-06
366,4.855025135544339e-10,2.7422703509277353e-08,8.805254375433687e-11,0.012953160000073925,2.106603421458424e-06
367,4.809292007137433e-10,2.717214427210638e-08,8.915361150871515e-11,0.012935173045849013,2.0952866898042827e-06
368,4.763415463515274e-10,2.692843004846925e-08,9.025287337875022e-11,0.012917257972916334,2.0840609709395338e-06
369,4.717412781169444e-10,2.6691453827174825e-08,9.135011557674841e-11,0.012899414308572464,2.072925291040707e-06
370,4.671300933465975e-10,2.6461107194073207e-08,9.24451251543173e-11,0.012881641584434398,2.0618786892793004e-06
371,4.625096586795352e-10,2.6237280518290277e-08,9.353769005257792e-11,0.012863939336389045,2.050920217614179e-06
372,4.5788160970844335e-10,2.6019863126504553e-08,9.462759915220563e-11,0.012846307104543457,2.0400489405878354e-06
373,4.532475506663202e-10,2.5808743465665697e-08,9.571464232328977e-11,0.01282874443317575,2.029263935126427e-06
374,4.486090541479114e-10,2.5603809254568024e-08,9.679861047499993e-11,0.012811250870686727,2.0185642903435132e-06
375,4.439676608651556e-10,2.5404947624703754e-08,9.787929560504708e-11,0.012793825969552185,2.0079491073474112e-06
376,4.3932487943587716e-10,2.5212045250829176e-08,9.895649084892714e-11,0.012776469286275882,1.9974174990520957e-06
377,4.346821862049461e-10,2.5024988471682913e-08,1.0002999052893295e-10,0.01275918038134318,1.986968589991571e-06
378,4.3004102509710786e-10,2.4843663401300218e-08,1.0109959020292086e-10,0.012741958819175322,1.976601516137637e-06
379,4.254028075006748e-10,2.4667956031368074e-08,1.0216508671281785e-10,0.012724804168084367,1.966315424720984e-06
380,4.2076891218125965e-10,2.4497752325066482e-08,1.0322627823285305e-10,0.01270771600022873,1.956109474055543e-06
381,4.1614068522472163e-10,2.4332938302839832e-08,1.0428296431749811e-10,0.012690693891569354,1.945982833366028e-06
382,4.1151944000848535e-10,2.4173400120538657e-08,1.0533494594910192e-10,0.012673737421826498,1.9359346826185977e-06
383,4.069064572003877e-10,2.4019024140367814e-08,1.063820255852006e-10,0.012656846174437094,1.9259642123545803e-06
384,4.0230298478420306e-10,2.3869696995071596e-08,1.0742400720548747e-10,0.012640019736512723,1.916070623527191e-06
385,3.9771023811099353e-10,2.372530564577921e-08,1.0846069635842556e-10,0.012623257698798154,1.9062531273411882e-06
386,3.93129399975423e-10,2.358573743392648e-08,1.0949190020748444e-10,0.012606559655630454,1.8965109450953973e-06
387,3.8856162071618117e-10,2.345088012766113e-08,1.1051742757698388e-10,0.012589925204898659,1.8868433080280561e-06
388,3.8400801833965725e-10,2.332062196312961e-08,1.1153708899752622e-10,0.012573353948003992,1.8772494571649168e-06
389,3.7946967866600635e-10,2.3194851681033878e-08,1.1255069675099888e-10,0.012556845489820638,1.8677286431700484e-06
390,3.749476554967526e-10,2.307345855883544e-08,1.1355806491512837e-10,0.012540399438657028,1.8582801261992873e-06
391,3.70442970803081e-10,2.295633243897391e-08,1.1455900940756761e-10,0.012524015406217668,1.8489031757562827e-06
392,3.659566149339674e-10,2.2843363753455362e-08,1.1555334802949695e-10,0.01250769300756548,1.8395970705510814e-06
393,3.614895468433086e-10,2.2734443545154838e-08,1.1654090050872098e-10,0.012491431861084642,1.8303610983612045e-06
394,3.5704269433521593e-10,2.2629463486164717e-08,1.1752148854224083e-10,0.01247523158844394,1.821194555895163e-06
395,3.5261695432664675e-10,2.252831589350953e-08,1.1849493583828438e-10,0.012459091814560608,1.8120967486583661e-06
396,3.4821319312655487e-10,2.2430893742534674e-08,1.1946106815777373e-10,0.012443012167564648,1.803066990821372e-06
397,3.438322467307498e-10,2.2337090678265102e-08,1.204197133552132e-10,0.012426992278763632,1.7941046050904354e-06
398,3.3947492113166607e-10,2.2246801025016602e-08,1.2137070141897587e-10,0.012411031782607971,1.7852089225803072e-06
399,3.3514199264225447e-10,2.2159919794530826e-08,1.223138645109734e-10,0.012395130316656655,1.77637928268924e-06
400,3.3083420823321534e-10,2.2076342692891905e-08,1.2324903700568663e-10,0.012379287521543426,1.7676150329761573e-06
401,3.2655228588281354e-10,2.199596612647059e-08,1.2417605552854143e-10,0.01236350304094342,1.7589155290399411e-06
402,3.2229691493851786e-10,2.191868720712891e-08,1.2509475899360956e-10,0.012347776521540245,1.7502801344008005e-06
403,3.1806875648972794e-10,2.184440375690621e-08,1.2600498864061692e-10,0.012332107612993484,1.7417082203836764e-06
404,3.138684437508618e-10,2.1773014312394834e-08,1.269065880712405e-10,0.012316495967906632,1.7331991660036439e-06
405,3.096965824540953e-10,2.1704418129001504e-08,1.2779940328467763e-10,0.012300941241795453,1.7247523578532744e-06
406,3.0555375125105376e-10,2.1638515185277946e-08,1.2868328271246796e-10,0.01228544309305675,1.716367189991918e-06
407,3.014405021227754e-10,2.1575206187492433e-08,1.2955807725255242e-10,0.012270001182937543,1.708043063836868e-06
408,2.973573607972796e-10,2.1514392574601515e-08,1.3042364030255104e-10,0.012254615175504647,1.6997793880563738e-06
409,2.9330482717409054e-10,2.1455976523769327e-08,1.3127982779224404e-10,0.012239284737614648,1.6915755784644637e-06
410,2.892833757550799e-10,2.1399860956570098e-08,1.3212649821523844e-10,0.012224009538884265,1.6834310579175442e-06
411,2.8529345608101085e-10,2.134594954599719e-08,1.3296351265980567e-10,0.012208789251661098,1.6753452562127397e-06
412,2.813354931731804e-10,2.1294146724390976e-08,1.337907348388732e-10,0.01219362355099475,1.667317609987944e-06
413,2.7740988797957543e-10,2.1244357692385824e-08,1.3460803111915616e-10,0.012178512114608327,1.6593475626235434e-06
414,2.735170178249711e-10,2.119648842896506e-08,1.3541527054941275e-10,0.012163454622870289,1.6514345641457854e-06
415,2.6965723686442184e-10,2.115044570270196e-08,1.3621232488781035e-10,0.012148450758766685,1.6435780711317598e-06
416,2.658308765396082e-10,2.1106137084252883e-08,1.369990686283879e-10,0.012133500207873724,1.6357775466159612e-06
417,2.6203824603751945e-10,2.106347096015833e-08,1.3777537902660002e-10,0.0121186026583307,1.6280324599984026e-06
418,2.5827963275097237e-10,2.102235654799674e-08,1.3854113612393234e-10,0.012103757800813264,1.6203422869542504e-06
419,2.5455530274047915e-10,2.098270391292474e-08,1.3929622277157255e-10,0.01208896532850704,1.6127065093449553e-06
420,2.508655011969985e-10,2.0944423985627934e-08,1.4004052465312752e-10,0.01207422493708156,1.605124615130846e-06
421,2.4721045290511544e-10,2.0907428581695066e-08,1.4077393030637372e-10,0.012059536324664548,1.5975960982851623e-06
422,2.4359036270621674e-10,2.0871630422419193e-08,1.4149633114402994e-10,0.01204489919181651,1.590120458709497e-06
423,2.400054159612443e-10,2.083694315701899e-08,1.4220762147354346e-10,0.012030313241505657,1.5826972021506246e-06
424,2.3645577901262314e-10,2.0803281386264327e-08,1.4290769851587683e-10,0.012015778179083133,1.5753258401186868e-06
425,2.329415996449774e-10,2.0770560687480206e-08,1.4359646242328935e-10,0.012001293712258564,1.5680058898067111e-06
426,2.294630075442692e-10,2.0738697640894857e-08,1.4427381629610227e-10,0.0119868595510759,1.5607368740114395e-06
427,2.2602011475499984e-10,2.0707609857288323e-08,1.4493966619843982e-10,0.011972475407889562,1.5535183210554388e-06
428,2.2261301613514242e-10,2.0677216006889686e-08,1.4559392117293986e-10,0.011958140997340902,1.546349764710474e-06
429,2.1924178980847822e-10,2.0647435849462975e-08,1.4623649325442518e-10,0.01194385603633492,1.5392307441221167e-06
430,2.159064976140318e-10,2.0618190265513844e-08,1.4686729748253107e-10,0.01192962024401731,1.532160803735569e-06
431,2.126071855523128e-10,2.0589401288541617e-08,1.4748625191328227e-10,0.011915433341751758,1.5251394932226797e-06
432,2.0934388422808522e-10,2.0560992138254324e-08,1.4809327762961413e-10,0.011901295053097536,1.5181663674101287e-06
433,2.061166092894036e-10,2.0532887254657557e-08,1.4868829875083457e-10,0.011887205103787367,1.5112409862087636e-06
434,2.029253618626651e-10,2.0505012332921755e-08,1.4927124244102142e-10,0.011873163221705558,1.5043629145440608e-06
435,1.9977012898344498e-10,2.0477294358926644e-08,1.4984203891635357e-10,0.011859169136866412,1.497531722287696e-06
436,1.966508840228912e-10,2.0449661645376034e-08,1.5040062145137251e-10,0.01184522258139289,1.490746984190201e-06
437,1.9356758710947342e-10,2.0422043868371487e-08,1.5094692638417132e-10,0.011831323289495542,1.4840082798146887e-06
438,1.9052018554589035e-10,2.0394372104328658e-08,1.5148089312051225e-10,0.011817470997451692,1.4773151934716256e-06
439,1.8750861422095198e-10,2.0366578867116318e-08,1.520024641368701e-10,0.011803665443584877,1.4706673141546335e-06
440,1.845327960162703e-10,2.0338598145294366e-08,1.5251158498240248e-10,0.01178990636824453,1.4640642354773033e-06
441,1.815926422075976e-10,2.031036543932447e-08,1.5300820427984678e-10,0.011776193513785914,1.4575055556109995e-06
442,1.786880528606686e-10,2.028181779862441e-08,1.5349227372534596e-10,0.011762526624550296,1.4509908772236415e-06
443,1.7581891722141196e-10,2.025289385833529e-08,1.5396374808720484e-10,0.01174890544684536,1.4445198074194408e-06
444,1.729851141004073e-10,2.0223533875669503e-08,1.5442258520357862e-10,0.01173532972892586,1.4380919576795794e-06
445,1.7018651225147571e-10,2.0193679765706524e-08,1.548687459790979e-10,0.011721799220974483,1.4317069438038106e-06
446,1.6742297074430213e-10,2.016327513650336e-08,1.5530219438043384e-10,0.011708313675082977,1.4253643858529698e-06
447,1.6469433933099741e-10,2.013226532338696e-08,1.5572289743080695e-10,0.011694872845233474,1.4190639080923724e-06
448,1.6200045880651863e-10,2.010059742229651e-08,1.5613082520344635e-10,0.011681476487280046,1.4128051389360907e-06
449,1.5934116136287502e-10,2.006822032204505e-08,1.5652595081400223e-10,0.01166812435893048,1.4065877108920886e-06
450,1.5671627093705626e-10,2.0035084735372082e-08,1.5690825041192177e-10,0.011654816219728276,1.4004112605082021e-06
451,1.5412560355262853e-10,2.0001143228660836e-08,1.5727770317079196e-10,0.01164155183103484,1.3942754283189494e-06
452,1.5156896765495324e-10,1.9966350250197496e-08,1.576342912776584e-10,0.011628330956011908,1.3881798587931558e-06
453,1.4904616443999024e-10,1.9930662156852717e-08,1.579779999213283e-10,0.011615153359604157,1.382124200282381e-06
454,1.4655698817665574e-10,1.9894037239070154e-08,1.583088172796652e-10,0.01160201880852204,1.376108104970133e-06
455,1.441012265227132e-10,1.985643574405107e-08,1.5862673450588623e-10,0.011588927071224804,1.3701312288218553e-06
456,1.4167866083418218e-10,1.9817819897029243e-08,1.5893174571387076e-10,0.011575877917903725,1.364193231535674e-06
457,1.3928906646825726e-10,1.9778153920535703e-08,1.5922384796249022e-10,0.011562871120465522,1.3582937764938925e-06
458,1.3693221307973612e-10,1.973740405155878e-08,1.5950304123897135e-10,0.011549906452515968,1.3524325307152194e-06
459,1.3460786491096217e-10,1.9695538556511206e-08,1.5976932844130379e-10,0.011536983689343706,1.3466091648077185e-06
460,1.3231578107529202e-10,1.965252774392245e-08,1.6002271535970378e-10,0.011524102607904237,1.3408233529224665e-06
461,1.30055715834107e-10,1.9608343974781728e-08,1.6026321065714596e-10,0.011511262986804091,1.3350747727079083e-06
462,1.2782741886738964e-10,1.9562961670464256e-08,1.6049082584897792e-10,0.0114984646062852,1.329363105264897e-06
463,1.256306355378939e-10,1.9516357318180517e-08,1.6070557528162883e-10,0.011485707248209435,1.3236880351024063e-06
464,1.234651071489428e-10,1.946850947389689e-08,1.609074761104283e-10,0.011472990696043317,1.3180492500939053e-06
465,1.2133057119588995e-10,1.941939876268311e-08,1.6109654827654803e-10,0.011460314734842929,1.3124464414343824e-06
466,1.1922676161128864e-10,1.9369007876450747e-08,1.6127281448308168e-10,0.011447679151238965,1.306879303598009e-06
467,1.1715340900381434e-10,1.9317321569054757e-08,1.6143630017027952e-10,0.011435083733421985,1.3013475342964331e-06
468,1.1511024089099159e-10,1.9264326648739243e-08,1.6158703348995158e-10,0.011422528271127812,1.2958508344376874e-06
469,1.1309698192577922e-10,1.9210011967915942e-08,1.6172504527905687e-10,0.011410012555623112,1.2903889080857072e-06
470,1.1111335411707241e-10,1.915436841027348e-08,1.6185036903249482e-10,0.011397536379691122,1.2849614624204442e-06
471,1.0915907704418232e-10,1.9097388875223193e-08,1.6196304087511568e-10,0.011385099537617563,1.2795682076985686e-06
472,1.0723386806535846e-10,1.9039068259695955e-08,1.6206309953296696e-10,0.011372701825176683,1.2742088572147456e-06
473,1.0533744252041999e-10,1.8979403437312817e-08,1.6215058630379513e-10,0.01136034303961749,1.2688831272634835e-06
474,1.0346951392756653e-10,1.891839323496032e-08,1.6222554502681784e-10,0.011348022979650112,1.2635907371015353e-06
475,1.016297941744415e-10,1.8856038406809396e-08,1.622880220517875e-10,0.011335741445432326,1.2583314089108532e-06
476,9.98179937035218e-11,1.879234160582466e-08,1.623380662073635e-10,0.011323498238556235,1.2531048677620784e-06
477,9.803382169191089e-11,1.8727307352818556e-08,1.6237572876881232e-10,0.01131129316203509,1.2479108415785656e-06
478,9.627698622561494e-11,1.866094200311188e-08,1.6240106342505451e-10,0.011299126020290269,1.2427490611009265e-06
479,9.454719446838194e-11,1.8593253710869686e-08,1.624141262450787e-10,0.011286996619138394,1.2376192598520875e-06
480,9.284415282518565e-11,1.8524252391187984e-08,1.6241497564374144e-10,0.011274904765778583,1.2325211741028518e-06
481,9.116756710043907e-11,1.8453949680013268e-08,1.624036723469728e-10,0.011262850268779873,1.2274545428379582e-06
482,8.951714265102161e-11,1.838235889198285e-08,1.623802793564086e-10,0.011250832938068746,1.2224191077226278e-06
483,8.789258453420629e-11,1.8309494976279687e-08,1.62344861913469e-10,0.011238852584916817,1.2174146130695911e-06
484,8.629359765057375e-11,1.823537447060064e-08,1.6229748746290415e-10,0.011226909021928654,1.2124408058065873e-06
485,8.471988688200157e-11,1.8160015453341956e-08,1.622382256158275e-10,0.011215002063029722,1.207497435444328e-06
486,8.31711572248168e-11,1.8083437494110156e-08,1.621671481122572e-10,0.011203131523454476,1.2025842540449188e-06
487,8.164711391820148e-11,1.8005661602670487e-08,1.6208432878318736e-10,0.011191297219734568,1.1977010161907292e-06
488,8.014746256794054e-11,1.7926710176448526e-08,1.6198984351220972e-10,0.011179498969687202,1.192847478953706e-06
489,7.867190926560258e-11,1.784660694670375e-08,1.6188377019670614e-10,0.011167736592403592,1.1880234018651215e-06
490,7.722016070324286e-11,1.776537692349614e-08,1.617661887086346e-10,0.011156009908237573,1.1832285468857487e-06
491,7.57919242837201e-11,1.7683046339569382e-08,1.616371808549288e-10,0.011144318738794316,1.1784626783764597e-06
492,7.438690822671701e-11,1.7599642593275383e-08,1.6149683033753348e-10,0.01113266290691917,1.1737255630692369e-06
493,7.300482167055461e-11,1.751519419066639e-08,1.613452227130961e-10,0.011121042236686637,1.169016970038592e-06
494,7.164537476989133e-11,1.742973068688151e-08,1.611824453523368e-10,0.01110945655338945,1.164336670673388e-06
495,7.03082787893964e-11,1.7343282626954447e-08,1.6100858739911727e-10,0.01109790568352778,1.159684438649053e-06
496,6.899324619348764e-11,1.7255881486169506e-08,1.608237397292317e-10,0.01108638945479855,1.1550600499001849e-06
497,6.769999073222238e-11,1.7167559610091846e-08,1.6062799490893835e-10,0.011074907696084877,1.1504632825935378e-06
498,6.642822752343107e-11,1.7078350154396896e-08,1.604214471532559e-10,0.011063460237445623,1.1458939171013839e-06
499,6.517767313118148e-11,1.6988287024622637e-08,1.6020419228404298e-10,0.011052046910105045,1.1413517359752457e-06
500,6.394804564066106e-11,1.68974048159663e-08,1.599763276878856e-10,0.011040667546442572,1.136836523919993e-06
501,6.273906472956482e-11,1.6805738753244676e-08,1.597379522738092e-10,0.011029321979982689,1.1323480677682995e-06
502,6.155045173607507e-11,1.6713324631134853e-08,1.5948916643083987e-10,0.011018010045384916,1.1278861564554488e-06
503,6.038192972351835e-11,1.6620198754808916e-08,1.592300719854346e-10,0.011006731578433916,1.1234505809944927e-06
504,5.923322354178409e-11,1.6526397881072994e-08,1.5896077215879957e-10,0.010995486416029689,1.1190411344517465e-06
505,5.8104059885589434e-11,1.6431959160117508e-08,1.586813715241197e-10,0.01098427439617787,1.1146576119226243e-06
506,5.6994167349672545e-11,1.6336920077981337e-08,1.5839197596371806e-10,0.010973095357980151,1.110299810507804e-06
507,5.5903276480996757e-11,1.624131839982875e-08,1.5809269262616598e-10,0.010961949141624775,1.1059675292897189e-06
508,5.483111982804633e-11,1.6145192114133304e-08,1.5778362988336416e-10,0.010950835588377152,1.1016605693093692e-06
509,5.377743198729371e-11,1.6048579377858676e-08,1.5746489728761387e-10,0.010939754540570565,1.0973787335434516e-06
510,5.274194964691754e-11,1.5951518462721395e-08,1.571366055286991e-10,0.010928705841596977,1.0931218268817974e-06
511,5.1724411627848655e-11,1.5854047702615533e-08,1.567988663909981e-10,0.010917689335897924,1.0888896561051191e-06
512,5.072455892222108e-11,1.575620544227469e-08,1.5645179271064372e-10,0.010906704868955525,1.0846820298630572e-06
513,4.974213472930357e-11,1.5658029987241067e-08,1.5609549833275233e-10,0.010895752287283563,1.0804987586525235e-06
514,4.877688448898592e-11,1.55595595552063e-08,1.5573009806873859e-10,0.01088483143841867,1.076339654796338e-06
515,4.782855591289327e-11,1.5460832228783905e-08,1.5535570765373607e-10,0.010873942170911604,1.072204532422153e-06
516,4.6896899013200524e-11,1.5361885909767104e-08,1.54972443704141e-10,0.010863084334318615,1.0680932074416593e-06
517,4.5981666129217455e-11,1.5262758274921048e-08,1.5458042367529747e-10,0.010852257779192898,1.064005497530074e-06
518,4.508261195181422e-11,1.516348673335301e-08,1.5417976581934178e-10,0.010841462357076143,1.0599412221059003e-06
519,4.41994935457556e-11,1.506410838549866e-08,1.5377058914322214e-10,0.010830697920490157,1.0559002023109594e-06
520,4.333207037001094e-11,1.496465998375743e-08,1.533530133669133e-10,0.01081996432292859,1.0518822609906883e-06
521,4.248010429610581e-11,1.4865177894804915e-08,1.5292715888183973e-10,0.010809261418848734,1.0478872226746998e-06
522,4.164335962457981e-11,1.4765698063604828e-08,1.5249314670952658e-10,0.01079858906366341,1.0439149135576023e-06
523,4.08216030996138e-11,1.4666255979138349e-08,1.5205109846049205e-10,0.01078794711373294,1.0399651614800709e-06
524,4.0014603921889155e-11,1.456688664186374e-08,1.5160113629339942e-10,0.010777335426357197,1.0360377959101726e-06
525,3.9222133759738915e-11,1.4467624532914217e-08,1.5114338287448137e-10,0.010766753859767738,1.0321326479249358e-06
526,3.844396675865133e-11,1.4368503585037696e-08,1.5067796133725428e-10,0.010756202273120023,1.0282495501921646e-06
527,3.767987954918363e-11,1.4269557155277414e-08,1.5020499524253533e-10,0.010745680526485698,1.0243883369524908e-06
528,3.6929651253343095e-11,1.417081799938821e-08,1.4972460853877794e-10,0.01073518848084498,1.0205488440016633e-06
529,3.619306348949131e-11,1.4072318247979092e-08,1.492369255227384e-10,0.010724725998079094,1.016730908673069e-06
530,3.546990037582628e-11,1.397408938436888e-08,1.4874207080048883e-10,0.010714292940962803,1.0129343698204822e-06
531,3.4759948532495555e-11,1.3876162224137944e-08,1.4824016924878797e-10,0.010703889173157009,1.0091590678010406e-06
532,3.406299708239261e-11,1.377856689635543e-08,1.4773134597682408e-10,0.010693514559201424,1.0054048444584423e-06
533,3.3378837650687405e-11,1.3681332826458153e-08,1.4721572628834173e-10,0.01068316896450733,1.0016715431063616e-06
534,3.2707264363140587e-11,1.3584488720754213e-08,1.466934356441648e-10,0.010672852255350383,9.979590085120803e-07
535,3.204807384325029e-11,1.3488062552521312e-08,1.4616459962512734e-10,0.010662564298863524,9.942670868803323e-07
536,3.1401065208278343e-11,1.3392081549667186e-08,1.4562934389542354e-10,0.010652304963029935,9.905956258373564e-07
537,3.0766040064202324e-11,1.3296572183917026e-08,1.450877941663881e-10,0.010642074116676075,9.869444744151541e-07
538,3.014280249963851e-11,1.3201560161490418e-08,1.445400761607172e-10,0.01063187162946479,9.833134830359532e-07
539,2.953115907877931e-11,1.3107070415228257e-08,1.4398631557714023e-10,0.010621697371888478,9.797025034968693e-07
540,2.8930918833388106e-11,1.3013127098128283e-08,1.4342663805555231e-10,0.010611551215262336,9.761113889547642e-07
541,2.8341893253892975e-11,1.2919753578246105e-08,1.4286116914261662e-10,0.010601433031717669,9.725399939113006e-07
542,2.776389627961983e-11,1.2826972434917114e-08,1.4229003425784627e-10,0.010591342694195262,9.689881741981858e-07
543,2.7196744288204435e-11,1.2734805456253502e-08,1.417133586601731e-10,0.010581280076438822,9.654557869626058e-07
544,2.6640256084221466e-11,1.2643273637869366e-08,1.4113126741501243e-10,0.010571245052988482,9.619426906528434e-07
545,2.6094252887068075e-11,1.2552397182786115e-08,1.405438853618316e-10,0.010561237499174366,9.584487450040813e-07
546,2.5558558318138008e-11,1.2462195502469454e-08,1.399513370822293e-10,0.010551257291110231,9.54973811024385e-07
547,2.5032998387321656e-11,1.237268721894902e-08,1.3935374686853294e-10,0.010541304305687152,9.515177509808621e-07
548,2.451740147886618e-11,1.2283890167970874e-08,1.3875123869292032e-10,0.010531378420567287,9.480804283859995e-07
549,2.401159833662876e-11,1.2195821403133342e-08,1.3814393617707264e-10,0.010521479514177682,9.446617079841708e-07
550,2.3515422048755464e-11,1.2108497200956166e-08,1.3753196256236373e-10,0.010511607465704165,9.41261455738316e-07
551,2.3028708031816847e-11,1.2021933066833322e-08,1.3691544068059163e-10,0.010501762155085272,9.378795388167872e-07
552,2.2551294014430682e-11,1.1936143741819858e-08,1.3629449292525726e-10,0.010491943463006246,9.345158255803612e-07
553,2.2083020020401177e-11,1.185114321020361e-08,1.356692412233951e-10,0.010482151270893096,9.311701855694142e-07
554,2.1623728351403267e-11,1.1766944707812942e-08,1.350398070079601e-10,0.010472385460906704,9.278424894912574e-07
555,2.11732635692396e-11,1.1683560731012385e-08,1.3440631119077453e-10,0.010462645915937,9.245326092076308e-07
556,2.073147247769687e-11,1.1601003046338554e-08,1.3376887413603919e-10,0.010452932519597181,9.212404177223535e-07
557,2.0298204104027576e-11,1.1519282700729755e-08,1.3312761563441096e-10,0.010443245156218002,9.179657891691282e-07
558,1.9873309680082014e-11,1.1438410032303227e-08,1.3248265487765056e-10,0.010433583710842104,9.147085987994955e-07
559,1.9456642623115136e-11,1.135839468163528e-08,1.318341104338428e-10,0.010423948069218408,9.114687229709408e-07
560,1.904805851629127e-11,1.1279245603500215e-08,1.3118210022319107e-10,0.010414338117796563,9.082460391351456e-07
561,1.864741508890978e-11,1.1200971079025442e-08,1.3052674149438834e-10,0.010404753743721441,9.050404258263865e-07
562,1.8254572196373263e-11,1.1123578728220951e-08,1.298681508015657e-10,0.010395194834827688,9.018517626500759e-07
563,1.7869391799919676e-11,1.1047075522842855e-08,1.2920644398182043e-10,0.010385661279634329,8.98679930271445e-07
564,1.749173794613857e-11,1.0971467799551645e-08,1.2854173613332316e-10,0.010376152967339418,8.955248104043651e-07
565,1.712147674629136e-11,1.0896761273327435e-08,1.2787414159400533e-10,0.010366669787814748,8.923862858003076e-07
566,1.6758476355454506e-11,1.0822961051105493e-08,1.2720377392082768e-10,0.010357211631600602,8.892642402374379e-07
567,1.6402606951503992e-11,1.0750071645596922e-08,1.2653074586962822e-10,0.010347778389900562,8.861585585098442e-07
568,1.60537407139587e-11,1.0678096989260636e-08,1.2585516937554978e-10,0.010338369954576362,8.830691264168964e-07
569,1.5711751802699743e-11,1.0607040448394205e-08,1.2517715553404734e-10,0.01032898621814279,8.799958307527366e-07
570,1.5376516336582155e-11,1.0536904837312567e-08,1.244968145824724e-10,0.01031962707376264,8.769385592958961e-07
571,1.504791237195462e-11,1.0467692432584909e-08,1.2381425588223464e-10,0.010310292415241706,8.738972007990391e-07
572,1.4725819881102498e-11,1.0399404987301645e-08,1.2312958790153763e-10,0.01030098213702384,8.708716449788319e-07
573,1.4410120730628544e-11,1.0332043745344589e-08,1.2244291819868794e-10,0.010291696134186028,8.678617825059326e-07
574,1.410069865978559e-11,1.0265609455635052e-08,1.2175435340597512e-10,0.01028243430243354,8.648675049951043e-07
575,1.3797439258774398e-11,1.0200102386335772e-08,1.2106399921411977e-10,0.01027319653809511,8.618887049954459e-07
576,1.350022994701967e-11,1.0135522338984174e-08,1.2037196035728688e-10,0.010263982738118162,8.589252759807417e-07
577,1.3208959951436623e-11,1.0071868662535677e-08,1.1967834059866209e-10,0.010254792800064083,8.559771123399265e-07
578,1.2923520284699943e-11,1.0009140267297126e-08,1.189832427165874e-10,0.010245626622103548,8.530441093676655e-07
579,1.2643803723526514e-11,9.947335638731896e-09,1.1828676849125262e-10,0.010236484103011869,8.501261632550472e-07
580,1.236970478698278e-11,9.886452851119233e-09,1.1758901869193872e-10,0.010227365142164407,8.472231710803873e-07
581,1.210111971482712e-11,9.826489581051964e-09,1.1689009306481027e-10,0.010218269639532014,8.443350308001433e-07
582,1.1837946445897281e-11,9.767443120757735e-09,1.1619009032125099e-10,0.010209197495676524,8.414616412399366e-07
583,1.158008459655229e-11,9.709310391230244e-09,1.1548910812674029e-10,0.010200148611746278,8.386029020856819e-07
584,1.1327435439177908e-11,9.652087955158067e-09,1.1478724309026411e-10,0.010191122889471698,8.357587138748222e-07
585,1.1079901880764366e-11,9.595772029639854e-09,1.1408459075425671e-10,0.010182120231160906,8.32928977987668e-07
586,1.083738844156455e-11,9.540358498675722e-09,1.1338124558506814e-10,0.01017314053969536,8.30113596638838e-07
587,1.0599801233840494e-11,9.485842925425832e-09,1.1267730096395175e-10,0.010164183718525562,8.273124728688024e-07
588,1.0367047940705764e-11,9.432220564228042e-09,1.1197284917856754e-10,0.010155249671666778,8.245255105355255e-07
589,1.0139037795070616e-11,9.379486372367632e-09,1.1126798141499482e-10,0.010146338303694814,8.21752614306207e-07
590,9.915681558696904e-12,9.32763502159299e-09,1.1056278775024857e-10,0.010137449519741826,8.189936896491199e-07
591,9.69689150136892e-12,9.276660909372096e-09,1.09857357145295e-10,0.01012858322549216,8.162486428255446e-07
592,9.482581380186423e-12,9.226558169885547e-09,1.0915177743855886e-10,0.010119739327178247,8.135173808817986e-07
593,9.272666418985398e-12,9.177320684752604e-09,1.0844613533991724e-10,0.010110917731576519,8.107998116413577e-07
594,9.067063287892058e-12,9.128942093487653e-09,1.077405164251733e-10,0.010102118346003363,8.080958436970707e-07
595,8.86569008301519e-12,9.081415803685208e-09,1.0703500513100398e-10,0.010093341078311132,8.054053864034647e-07
596,8.66846630628161e-12,9.034735000932272e-09,1.0632968475037505e-10,0.010084585836884164,8.027283498691393e-07
597,8.475312845419329e-12,8.988892658447613e-09,1.0562463742841627e-10,0.010075852530634852,8.000646449492506e-07
598,8.286151954092558e-12,8.943881546448141e-09,1.0491994415875164e-10,0.01006714106899975,7.974141832380809e-07
599,8.100907232192624e-12,8.899694241243183e-09,1.0421568478027596e-10,0.010058451361935712,7.947768770616962e-07
600,7.919503606288519e-12,8.85632313405807e-09,1.0351193797437231e-10,0.01004978331991606,7.921526394706869e-07
601,7.74186731024048e-12,8.813760439588897e-09,1.0280878126256227e-10,0.010041136853926795,7.895413842329942e-07
602,7.567925865979909e-12,8.771998204291038e-09,1.0210629100458373e-10,0.010032511875462835,7.869430258268178e-07
603,7.397608064458573e-12,8.731028314404228e-09,1.0140454239688628e-10,0.010023908296524298,7.84357479433606e-07
604,7.230843946769916e-12,8.690842503717622e-09,1.007036094715401e-10,0.010015326029612796,7.817846609311264e-07
605,7.067564785444992e-12,8.651432361078654e-09,1.0000356509554838e-10,0.010006764987727788,7.792244868866157e-07
606,6.907703065925405e-12,8.612789337649858e-09,9.93044809705583e-11,0.009998225084362947,7.766768745500088e-07
607,6.7511924682153615e-12,8.574904753918147e-09,9.860642763296069e-11,0.009989706233502565,7.74141741847244e-07
608,6.597967848714868e-12,8.537769806461496e-09,9.790947445437369e-11,0.009981208349617998,7.716190073736466e-07
609,6.447965222235764e-12,8.501375574478092e-09,9.721368964250039e-11,0.00997273134766412,7.69108590387386e-07
610,6.301121744202245e-12,8.465713026083459e-09,9.651914024235481e-11,0.00996427514307584,7.666104108030085e-07
611,6.157375693037266e-12,8.430773024381201e-09,9.582589213784784e-11,0.00995583965176462,7.641243891850433e-07
612,6.0166664527360966e-12,8.39654633331328e-09,9.513401005372498e-11,0.009947424790115044,7.616504467416814e-07
613,5.878934495628095e-12,8.3630236232959e-09,9.444355755785005e-11,0.009939030474981408,7.591885053185249e-07
614,5.744121365327693e-12,8.330195476647297e-09,9.375459706382577e-11,0.009930656623684336,7.567384873924089e-07
615,5.612169659875379e-12,8.298052392813848e-09,9.306718983394366e-11,0.009922303154007437,7.543003160652913e-07
616,5.4830230150693126e-12,8.26658479340103e-09,9.238139598245658e-11,0.009913969984193988,7.518739150582127e-07
617,5.356626087988072e-12,8.235783027015936e-09,9.169727447916534e-11,0.009905657032943636,7.494592087053242e-07
618,5.232924540705039e-12,8.205637373928024e-09,9.101488315331269e-11,0.009897364219409137,7.470561219479815e-07
619,5.111865024194565e-12,8.176138050555045e-09,9.03342786977758e-11,0.00988909146319313,7.446645803289063e-07
620,4.993395162430146e-12,8.147275213780847e-09,8.965551667355093e-11,0.009880838684344924,7.422845099864124e-07
621,4.8774635366746225e-12,8.119038965112174e-09,8.897865151452192e-11,0.009872605803357326,7.399158376486968e-07
622,4.764019669962349e-12,8.091419354681179e-09,8.830373653250534e-11,0.009864392741163486,7.37558490628194e-07
623,4.653014011773139e-12,8.064406385100772e-09,8.76308239225645e-11,0.009856199419133776,7.35212396815994e-07
624,4.5443979228977386e-12,8.037990015179595e-09,8.695996476858483e-11,0.009848025759072693,7.328774846763219e-07
625,4.438123660494453e-12,8.012160163503591e-09,8.629120904910335e-11,0.009839871683215798,7.305536832410791e-07
626,4.33414436333646e-12,7.986906711890978e-09,8.562460564338475e-11,0.009831737114226661,7.282409221044447e-07
627,4.232414037249312e-12,7.962219508727488e-09,8.496020233773635e-11,0.009823621975193852,7.259391314175376e-07
628,4.13288754073794e-12,7.938088372188545e-09,8.429804583205551e-11,0.009815526189627954,7.236482418831362e-07
629,4.035520570802516e-12,7.91450309335513e-09,8.36381817466003e-11,0.009807449681458585,7.213681847504577e-07
630,3.9402696489423974e-12,7.891453439229833e-09,8.298065462897878e-11,0.009799392375031472,7.190988918099951e-07
631,3.847092107347244e-12,7.868929155659628e-09,8.232550796134738e-11,0.009791354195105528,7.16840295388409e-07
632,3.755946075274517e-12,7.846919970171718e-09,8.16727841678126e-11,0.009783335066849969,7.145923283434783e-07
633,3.666790465612256e-12,7.825415594728753e-09,8.102252462202813e-11,0.009775334915841443,7.123549240591047e-07
634,3.5795849616262194e-12,7.804405728409475e-09,8.037476965498108e-11,0.009767353668061193,7.101280164403718e-07
635,3.4942900038902123e-12,7.78388006002088e-09,7.972955856295984e-11,0.00975939124989224,7.079115399086589e-07
636,3.4108667773985226e-12,7.763828270647702e-09,7.908692961569684e-11,0.00975144758811659,7.057054293968085e-07
637,3.3292771988592248e-12,7.744240036144934e-09,7.844692006467932e-11,0.009743522609912465,7.035096203443453e-07
638,3.2494839041671665e-12,7.725105029578988e-09,7.780956615162165e-11,0.009735616242851557,7.013240486927484e-07
639,3.171450236055309e-12,7.706412923622803e-09,7.717490311709196e-11,0.00972772841489631,6.991486508807739e-07
640,3.0951402319231182e-12,7.68815339291024e-09,7.654296520928709e-11,0.00971985905439721,6.969833638398294e-07
641,3.020518611840647e-12,7.670316116354674e-09,7.591378569294854e-11,0.009712008090090122,6.948281249893978e-07
642,2.947550766726905e-12,7.652890779436822e-09,7.528739685841417e-11,0.009704175451093628,6.926828722325106e-07
643,2.876202746701086e-12,7.635867076466325e-09,7.466383003079827e-11,0.009696361066906396,6.90547543951271e-07
644,2.806441249605168e-12,7.61923471282175e-09,7.404311557929347e-11,0.009688564867404565,6.884220790024241e-07
645,2.738233609696437e-12,7.602983407173165e-09,7.342528292658982e-11,0.00968078678283917,6.863064167129756e-07
646,2.6715477865083633e-12,7.587102893691537e-09,7.281036055840348e-11,0.009673026743833569,6.842004968758574e-07
647,2.6063523538783165e-12,7.571582924248734e-09,7.219837603310899e-11,0.009665284681380889,6.8210425974564e-07
648,2.5426164891405414e-12,7.556413270611965e-09,7.15893559914706e-11,0.009657560526841519,6.800176460342899e-07
649,2.480309962482798e-12,7.541583726636046e-09,7.098332616646526e-11,0.009649854211940591,6.77940596906974e-07
650,2.4194031264650715e-12,7.527084110456899e-09,7.038031139319223e-11,0.009642165668765511,6.758730539779075e-07
651,2.359866905698709e-12,7.512904266689243e-09,6.978033561886348e-11,0.009634494829763491,6.738149593062468e-07
652,2.301672786684343e-12,7.499034068631462e-09,6.918342191286976e-11,0.00962684162773911,6.717662553920259e-07
653,2.244792807806972e-12,7.485463420480239e-09,6.858959247691599e-11,0.009619205995851888,6.69726885172136e-07
654,2.1891995494864745e-12,7.472182259557387e-09,6.79988686552213e-11,0.009611587867613895,6.676967920163481e-07
655,2.134866124481938e-12,7.459180558551201e-09,6.741127094477817e-11,0.009603987176887359,6.656759197233778e-07
656,2.0817661683480738e-12,7.446448327774214e-09,6.682681900566576e-11,0.009596403857882314,6.636642125169911e-07
657,2.0298738300420244e-12,7.4339756174392225e-09,6.624553167141164e-11,0.00958883784515425,6.61661615042152e-07
658,1.9791637626788855e-12,7.421752519955141e-09,6.566742695939789e-11,0.009581289073601796,6.596680723612112e-07
659,1.9296111144341976e-12,7.409769172244058e-09,6.509252208130561e-11,0.009573757478464414,6.576835299501337e-07
660,1.881191519591722e-12,7.398015758080596e-09,6.452083345359419e-11,0.009566242995320114,6.557079336947678e-07
661,1.8338810897347618e-12,7.386482510454571e-09,6.395237670800938e-11,0.009558745560083183,6.537412298871511e-07
662,1.7876564050793353e-12,7.375159713957594e-09,6.33871667021171e-11,0.009551265109001948,6.517833652218579e-07
663,1.7424945059474599e-12,7.3640377071941695e-09,6.282521752985663e-11,0.009543801578656535,6.498342867923827e-07
664,1.6983728843788351e-12,7.353106885217576e-09,6.226654253211044e-11,0.009536354905956668,6.478939420875626e-07
665,1.6552694758792156e-12,7.342357701990594e-09,6.171115430728525e-11,0.009528925028139462,6.45962278988037e-07
666,1.6131626513037407e-12,7.331780672870979e-09,6.115906472190067e-11,0.009521511882767264,6.440392457627443e-07
667,1.5720312088735283e-12,7.321366377121345e-09,6.061028492118114e-11,0.009514115407725478,6.421247910654543e-07
668,1.5318543663238056e-12,7.311105460442991e-09,6.006482533964718e-11,0.009506735541220442,6.402188639313377e-07
669,1.4926117531818894e-12,7.300988637532877e-09,5.952269571170161e-11,0.009499372221777286,6.383214137735708e-07
670,1.4542834031732994e-12,7.291006694662889e-09,5.898390508220806e-11,0.009492025388237842,6.364323903799757e-07
671,1.4168497467543335e-12,7.281150492280301e-09,5.844846181705639e-11,0.009484694979758544,6.345517439096947e-07
672,1.3802916037693973e-12,7.271410967628142e-09,5.7916373613712974e-11,0.00947738093580836,6.326794248898994e-07
673,1.3445901762314275e-12,7.261779137384004e-09,5.738764751175115e-11,0.00947008319616674,6.308153842125338e-07
674,1.309727041223729e-12,7.252246100315719e-09,5.686228990335918e-11,0.009462801700921565,6.289595731310913e-07
675,1.2756841439215716e-12,7.242803039952009e-09,5.6340306543821737e-11,0.009455536390467135,6.271119432574242e-07
676,1.2424437907318846e-12,7.233441227266262e-09,5.582170256197217e-11,0.009448287205502157,6.252724465585869e-07
677,1.2099886425494192e-12,7.224152023371234e-09,5.5306482470612175e-11,0.009441054087027757,6.234410353537103e-07
678,1.178301708127738e-12,7.21492688222244e-09,5.479465017689558e-11,0.009433836976345504,6.216176623109095e-07
679,1.1473663375634147e-12,7.205757353327849e-09,5.428620899267375e-11,0.009426635815055446,6.198022804442222e-07
680,1.1171662158918315e-12,7.196635084461316e-09,5.37811616447993e-11,0.009419450545054175,6.179948431105791e-07
681,1.0876853567929818e-12,7.187551824377045e-09,5.327951028538554e-11,0.00941228110853289,6.161953040068046e-07
682,1.0589080964056838e-12,7.178499425522355e-09,5.278125650201875e-11,0.009405127447975493,6.144036171666482e-07
683,1.0308190872486364e-12,7.1694698467457635e-09,5.228640132792087e-11,0.00939798950615668,6.12619736957847e-07
684,1.003403292246754e-12,7.160455155997427e-09,5.179494525206011e-11,0.009390867226140073,6.108436180792163e-07
685,9.766459788612383e-13,7.1514475330187656e-09,5.130688822920655e-11,0.009383760551276333,6.090752155577716e-07
686,9.505327133218396e-13,7.14243927201807e-09,5.0822229689931005e-11,0.009376669425201324,6.073144847458784e-07
687,9.250493549597994e-13,7.133422784328855e-09,5.0340968550544475e-11,0.009369593791834266,6.055613813184312e-07
688,9.001820506399574e-13,7.124390601047474e-09,4.9863103222976044e-11,0.009362533595375908,6.038158612700617e-07
689,8.759172292905336e-13,7.11533537564667e-09,4.9388631624587177e-11,0.009355488780306728,6.020778809123741e-07
690,8.522415965291085e-13,7.106249886561467e-09,4.89175511879203e-11,0.00934845929138513,6.003473968712086e-07
691,8.29142129383331e-13,7.097127039743959e-09,4.8449858870379816e-11,0.00934144507364566,5.986243660839332e-07
692,8.066060711049054e-13,7.087959871183328e-09,4.798555116384357e-11,0.009334446072397244,5.969087457967613e-07
693,7.846209260754258e-13,7.0787415493875004e-09,4.752462410420296e-11,0.00932746223322143,5.952004935620978e-07
694,7.631744548026345e-13,7.069465377822834e-09,4.706707328083011e-11,0.009320493501970652,5.934995672359098e-07
695,7.422546690056926e-13,7.060124797308131e-09,4.661289384597023e-11,0.009313539824766496,5.91805924975126e-07
696,7.218498267880892e-13,7.050713388359384e-09,4.616208052405778e-11,0.009306601147997995,5.9011952523506e-07
697,7.019484278967951e-13,7.041224873481526e-09,4.571462762095479e-11,0.009299677418319927,5.884403267668601e-07
698,6.825392090663118e-13,7.031653119403647e-09,4.5270529033110125e-11,0.009292768582651118,5.867682886149851e-07
699,6.636111394462671e-13,7.0219921392539866e-09,4.4829778256637893e-11,0.009285874588172784,5.851033701147039e-07
700,6.451534161112352e-13,7.012236094671174e-09,4.439236839631431e-11,0.009278995382326856,5.834455308896211e-07
701,6.271554596514543e-13,7.002379297848131e-09,4.3958292174491255e-11,0.00927213091281434,5.817947308492266e-07
702,6.096069098431594e-13,6.992416213505221e-09,4.3527541939925633e-11,0.009265281127593679,5.801509301864692e-07
703,5.924976213972344e-13,6.982341460789146e-09,4.31001096765234e-11,0.00925844597487913,5.785140893753548e-07
704,5.758176597849253e-13,6.972149815094293e-09,4.267598701199723e-11,0.009251625403139153,5.768841691685684e-07
705,5.595572971393578e-13,6.961836209803201e-09,4.2255165226436814e-11,0.00924481936109482,5.752611305951185e-07
706,5.437070082316261e-13,6.951395737942997e-09,4.183763526079081e-11,0.009238027797718217,5.736449349580056e-07
707,5.282574665202322e-13,6.9408236537546455e-09,4.1423387725259884e-11,0.009231250662230876,5.720355438319137e-07
708,5.131995402726687e-13,6.930115374172057e-09,4.101241290759972e-11,0.009224487904102218,5.704329190609239e-07
709,4.985242887579598e-13,6.919266480208133e-09,4.0604700781333526e-11,0.009217739473047994,5.688370227562506e-07
710,4.842229585089823e-13,6.90827271824499e-09,4.0200241013873187e-11,0.009211005319028754,5.672478172940004e-07
711,4.702869796534092e-13,6.897130001225664e-09,3.97990229745485e-11,0.009204285392248322,5.656652653129521e-07
712,4.567079623121358e-13,6.885834409744809e-09,3.940103574254408e-11,0.009197579643152274,5.640893297123586e-07
713,4.434776930640555e-13,6.874382193035989e-09,3.900626811474307e-11,0.009190888022426435,5.625199736497706e-07
714,4.3058813147607614e-13,6.862769769853313e-09,3.8614708613477694e-11,0.009184210480995401,5.609571605388816e-07
715,4.1803140669727645e-13,6.850993729245289e-09,3.8226345494185774e-11,0.009177546970021043,5.594008540473929e-07
716,4.0579981411612294e-13,6.839050831218988e-09,3.784116675297319e-11,0.00917089744090104,5.578510180949004e-07
717,3.938858120796785e-13,6.826938007292684e-09,3.7459160134081724e-11,0.00916426184526743,5.563076168508011e-07
718,3.8228201867374794e-13,6.8146523609353825e-09,3.708031313726227e-11,0.009157640134985153,5.547706147322206e-07
719,3.7098120856292643e-13,6.802191167891758e-09,3.670461302505294e-11,0.00915103226215062,5.532399764019595e-07
720,3.599763098895238e-13,6.78955187639119e-09,3.633204682996219e-11,0.009144438179090287,5.517156667664615e-07
721,3.4926040123035876e-13,6.776732107239839e-09,3.5962601361556503e-11,0.009137857838359235,5.501976509737991e-07
722,3.3882670861042874e-13,6.76372965379475e-09,3.559626321345283e-11,0.009131291192739774,5.486858944116799e-07
723,3.2866860257247415e-13,6.750542481819292e-09,3.523301877021554e-11,0.009124738195240041,5.471803627054716e-07
724,3.187795953014714e-13,6.737168729219303e-09,3.487285421415813e-11,0.009118198799092626,5.45681021716246e-07
725,3.091533378031055e-13,6.723606705659591e-09,3.45157555320493e-11,0.009111672957753189,5.441878375388424e-07
726,2.9978361713528405e-13,6.7098548920605446e-09,3.4161708521723956e-11,0.0091051606248991,5.427007764999485e-07
727,2.9066435369176926e-13,6.695911939974857e-09,3.381069879859898e-11,0.009098661754428097,5.412198051562001e-07
728,2.8178959853701575e-13,6.681776670844515e-09,3.346271180209384e-11,0.009092176300456927,5.397448902922996e-07
729,2.73153530791323e-13,6.6674480751384034e-09,3.311773280195648e-11,0.009085704217320023,5.382759989191513e-07
730,2.647504550654177e-13,6.652925311371046e-09,3.2775746904494446e-11,0.009079245459568182,5.36813098272015e-07
731,2.5657479894359613e-13,6.6382077050032165e-09,3.243673905871169e-11,0.009072799981967245,5.353561558086775e-07
732,2.48621110514572e-13,6.623294747225327e-09,3.210069406235118e-11,0.009066367739496803,5.33905139207641e-07
733,2.4088405594918797e-13,6.608186093624628e-09,3.1767596567843767e-11,0.009059948687348895,5.324600163663288e-07
734,2.333584171241598e-13,6.592881562737549e-09,3.143743108816344e-11,0.00905354278092673,5.310207553993083e-07
735,2.260390892910371e-13,6.5773811344885535e-09,3.111018200258959e-11,0.00904714997584341,5.295873246365297e-07
736,2.1892107878957708e-13,6.561684948517136e-09,3.078583356237644e-11,0.009040770227920663,5.281596926215835e-07
737,2.1199950080474e-13,6.545793302394764e-09,3.046436989633025e-11,0.009034403493187591,5.267378281099717e-07
738,2.0526957716652698e-13,6.529706649733651e-09,3.014577501629455e-11,0.009028049727879418,5.253217000673979e-07
739,1.9872663419189365e-13,6.513425598189511e-09,2.983003282254416e-11,0.009021708888436258,5.239112776680714e-07
740,1.9236610056798638e-13,6.496950907360546e-09,2.951712710908808e-11,0.009015380931501886,5.225065302930289e-07
741,1.861835052759571e-13,6.4802834865850315e-09,2.920704156888211e-11,0.009009065813922513,5.211074275284703e-07
742,1.8017447555462802e-13,6.46342439264014e-09,2.8899759798951593e-11,0.009002763492745583,5.197139391641118e-07
743,1.743347349032858e-13,6.446374827344587e-09,2.8595265305424893e-11,0.008996473925218561,5.183260351915532e-07
744,1.6866010112290022e-13,6.429136135068056e-09,2.829354150847813e-11,0.008990197068787752,5.169436858026606e-07
745,1.6314648439506994e-13,6.411709800150245e-09,2.79945717471917e-11,0.008983932881097107,5.155668613879651e-07
746,1.577898853980123e-13,6.394097444232708e-09,2.769833928431948e-11,0.008977681319987054,5.141955325350751e-07
747,1.5258639345892337e-13,6.376300823506627e-09,2.7404827310970953e-11,0.008971442343493324,5.128296700271044e-07
748,1.475321847420469e-13,6.3583218258798515e-09,2.7114018951207282e-11,0.008965215909845798,5.114692448411144e-07
749,1.426235204718009e-13,6.340162468066601e-09,2.6825897266551698e-11,0.008959001977467353,5.101142281465714e-07
750,1.3785674519032074e-13,6.321824892603351e-09,2.6540445260415057e-11,0.008952800504972724,5.087645913038167e-07
751,1.3322828504879073e-13,6.303311364794441e-09,2.6257645882437217e-11,0.008946611451167362,5.074203058625531e-07
752,1.2873464613194327e-13,6.2846242695911415e-09,2.597748203274491e-11,0.008940434775046318,5.060813435603433e-07
753,1.2437241281511798e-13,6.265766108407883e-09,2.5699936566126936e-11,0.008934270435793118,5.047476763211233e-07
754,1.201382461532812e-13,6.2467394958794446e-09,2.542499229612723e-11,0.008928118392778659,5.034192762537295e-07
755,1.1602888230141805e-13,6.227547156562996e-09,2.5152631999056684e-11,0.008921978605560103,5.020961156504391e-07
756,1.1204113096571762e-13,6.208191921588876e-09,2.4882838417924557e-11,0.008915851033879783,5.007781669855234e-07
757,1.0817187388498331e-13,6.188676725264072e-09,2.461559426629001e-11,0.008909735637664125,4.994654029138156e-07
758,1.0441806334170838e-13,6.169004601632388e-09,2.4350882232034673e-11,0.008903632377022554,4.981577962692908e-07
759,1.0077672070226716e-13,6.1491786809953294e-09,2.4088684981057122e-11,0.008897541212246441,4.968553200636595e-07
760,9.724493498568197e-14,6.129202186397692e-09,2.3828985160889846e-11,0.008891462103808033,4.955579474849734e-07
761,9.381986146043421e-14,6.109078430081952e-09,2.3571765404239708e-11,0.008885395012359389,4.942656518962446e-07
762,9.0498720268798e-14,6.088810809915477e-09,2.3317008332452594e-11,0.008879339898731348,4.929784068340773e-07
763,8.727879507818315e-14,6.068402805794569e-09,2.3064696558903072e-11,0.00887329672393248,4.91696186007311e-07
764,8.415743175898385e-14,6.047857976029413e-09,2.281481269230993e-11,0.00886726544914805,4.904189632956779e-07
765,8.113203708843697e-14,6.027179953713947e-09,2.256733933997838e-11,0.008861246035739,4.891467127484704e-07
766,7.820007748000375e-14,6.0063724430845994e-09,2.2322259110969787e-11,0.008855238445240925,4.878794085832227e-07
767,7.535907773779662e-14,5.985439215871852e-09,2.2079554619199735e-11,0.008849242639363068,4.866170251844026e-07
768,7.260661983558036e-14,5.964384107648585e-09,2.1839208486465287e-11,0.008843258579987306,4.853595371021165e-07
769,6.994034171988708e-14,5.943211014179016e-09,2.1601203345402314e-11,0.00883728622916716,4.841069190508252e-07
770,6.735793613679047e-14,5.921923887772083e-09,2.136552184237363e-11,0.008831325549126808,4.828591459080716e-07
771,6.485714948189372e-14,5.900526733643014e-09,2.113214664028891e-11,0.008825376502260092,4.816161927132205e-07
772,6.243578067309361e-14,5.879023606286772e-09,2.090106042135717e-11,0.008819439051129554,4.803780346662085e-07
773,6.00916800456903e-14,5.857418605867019e-09,2.0672245889772712e-11,0.008813513158465453,4.791446471263061e-07
774,5.782274826942082e-14,5.835715874624139e-09,2.0445685774335337e-11,0.008807598787164816,4.779160056108909e-07
775,5.5626935287000366e-14,5.813919593305751e-09,2.022136283100568e-11,0.008801695900290474,4.76692085794231e-07
776,5.350223927376472e-14,5.792033977623167e-09,1.9999259845396552e-11,0.008795804461070117,4.7547286350628035e-07
777,5.1446705618012696e-14,5.770063274737024e-09,1.9779359635201205e-11,0.008789924432895346,4.7425831473148424e-07
778,4.9458425921655766e-14,5.748011759775328e-09,1.956164505255922e-11,0.008784055779320742,4.730484156075957e-07
779,4.7535537020788335e-14,5.725883732386996e-09,1.9346098986360984e-11,0.00877819846406294,4.7184314242450225e-07
780,4.5676220025799677e-14,5.703683513333909e-09,1.9132704364491624e-11,0.008772352450999695,4.706424716230633e-07
781,4.387869938065483e-14,5.681415441124371e-09,1.8921444156015195e-11,0.008766517704168973,4.694463797939579e-07
782,4.2141241940978697e-14,5.6590838686907405e-09,1.8712301373299934e-11,0.008760694187768044,4.682548436765428e-07
783,4.046215607058402e-14,5.636693160113955e-09,1.850525907408561e-11,0.008754881866152572,4.6706784015772035e-07
784,3.883979075609081e-14,5.614247687397499e-09,1.8300300363493547e-11,0.008749080703835718,4.6588534627081677e-07
785,3.727253473929068e-14,5.59175182729323e-09,1.8097408395980426e-11,0.008743290665487251,4.6470733919447026e-07
786,3.575881566691574e-14,5.569209958181469e-09,1.7896566377236483e-11,0.008737511715932664,4.635337962515288e-07
787,3.4297099257478855e-14,5.546626457007493e-09,1.7697757566029145e-11,0.008731743820152287,4.62364694907958e-07
788,3.288588848485658e-14,5.524005696276579e-09,1.750096527599277e-11,0.008725986943280424,4.6120001277175826e-07
789,3.152372277829368e-14,5.501352041109567e-09,1.7306172877365428e-11,0.008720241050604483,4.600397275918917e-07
790,3.0209177238512544e-14,5.478669846360764e-09,1.71133637986735e-11,0.008714506107564107,4.588838172572185e-07
791,2.8940861869617957e-14,5.455963453799941e-09,1.692252152836487e-11,0.00870878207975033,4.577322597954424e-07
792,2.771742082649199e-14,5.4332371893600495e-09,1.673362961639172e-11,0.00870306893290472,4.5658503337206576e-07
793,2.6537531677380606e-14,5.410495360452087e-09,1.6546671675743473e-11,0.00869736663291854,4.5544211628935366e-07
794,2.5399904681378212e-14,5.3877422533485484e-09,1.6361631383930915e-11,0.008691675145831908,4.5430348698530703e-07
795,2.4303282080522132e-14,5.364982130636631e-09,1.6178492484422142e-11,0.008685994437832963,4.531691240326447e-07
796,2.3246437406214273e-14,5.34221922874236e-09,1.5997238788031225e-11,0.008680324475257042,4.5203900613779443e-07
797,2.2228174799692354e-14,5.319457755526641e-09,1.581785417426043e-11,0.008674665224585858,4.509131121398931e-07
798,2.1247328346278265e-14,5.296701887954045e-09,1.5640322592596565e-11,0.008669016652446683,4.497914210097948e-07
799,2.0302761423136262e-14,5.27395576983521e-09,1.546462806376254e-11,0.008663378725611542,4.486739118490884e-07
800,1.939336606027839e-14,5.2512235096433935e-09,1.5290754680924626e-11,0.008657751410996407,4.47560563889123e-07
801,1.8518062314559714e-14,5.228509178405785e-09,1.511868661085635e-11,0.008652134675660393,4.4645135649004236e-07
802,1.7675797656410455e-14,5.2058168076699685e-09,1.494840809505983e-11,0.008646528486804975,4.4534626913982737e-07
803,1.686554636905699e-14,5.183150387545839e-09,1.4779903450845104e-11,0.008640932811773193,4.4424528145334697e-07
804,1.60863089599882e-14,5.160513864823211e-09,1.4613157072368405e-11,0.008635347618048867,4.431483731714172e-07
805,1.5337111584428356e-14,5.137911141165194e-09,1.4448153431630026e-11,0.008629772873255828,4.420555241598684e-07
806,1.4617005480581875e-14,5.11534607137733e-09,1.428487707943258e-11,0.008624208545157141,4.4096671440862066e-07
807,1.392506641642002e-14,5.0928224617524094e-09,1.4123312646300234e-11,0.008618654601654336,4.3988192403076666e-07
808,1.3260394147783743e-14,5.070344068490746e-09,1.3963444843359888e-11,0.008613111010786649,4.3880113326166337e-07
809,1.2622111887581064e-14,5.047914596195637e-09,1.3805258463184755e-11,0.008607577740730265,4.3772432245803046e-07
810,1.2009365785861642e-14,5.025537696443618e-09,1.364873838060125e-11,0.008602054759797565,4.366514720970573e-07
811,1.142132442055521e-14,5.003216966429026e-09,1.3493869553459789e-11,0.00859654203643638,4.355825627755173e-07
812,1.0857178298664618e-14,4.980955947682353e-09,1.3340637023370223e-11,0.008591039539229251,4.3451757520888965e-07
813,1.0316139367708106e-14,4.9587581248617055e-09,1.3189025916402568e-11,0.00858554723689269,4.3345649023048893e-07
814,9.797440537209308e-15,4.936626924616704e-09,1.3039021443753756e-11,0.00858006509827645,4.32399288790602e-07
815,9.300335210037389e-15,4.914565714524006e-09,1.28906089023811e-11,0.008574593092362796,4.313459519556323e-07
816,8.824096823403283e-15,4.892577802093598e-09,1.2743773675603016e-11,0.008569131188265784,4.302964609072512e-07
817,8.368018399321818e-15,4.870666433844924e-09,1.2598501233667805e-11,0.008563679355230544,4.2925079694155715e-07
818,7.931412104353055e-15,4.8488347944518916e-09,1.2454777134291087e-11,0.008558237562632565,4.282089414682411e-07
819,7.513608818439718e-15,4.827086005955669e-09,1.2312587023162485e-11,0.008552805779976998,4.2717087600976e-07
820,7.11395771266103e-15,4.805423127044192e-09,1.2171916634422276e-11,0.008547383976897933,4.2613658220051665e-07
821,6.731825835726755e-15,4.783849152397202e-09,1.2032751791108608e-11,0.00854197212315772,4.251060417860466e-07
822,6.366597709038553e-15,4.762367012095618e-09,1.1895078405575893e-11,0.008536570188646262,4.2407923662221214e-07
823,6.017674930149031e-15,4.740979571093985e-09,1.1758882479884953e-11,0.008531178143380334,4.23056148674403e-07
824,5.684475784452159e-15,4.719689628754692e-09,1.1624150106165635e-11,0.008525795957502892,4.2203676001674366e-07
825,5.366434864941841e-15,4.6984999184426426e-09,1.1490867466952376e-11,0.008520423601282396,4.210210528313075e-07
826,5.06300269987858e-15,4.677413107178971e-09,1.1359020835493385e-11,0.008515061045112137,4.200090094073377e-07
827,4.773645388207213e-15,4.656431795352427e-09,1.1228596576033954e-11,0.00850970825950956,4.1900061214047414e-07
828,4.4978442425717226e-15,4.635558516486978e-09,1.1099581144074614e-11,0.008504365215115597,4.179958435319877e-07
829,4.235095439776047e-15,4.614795737064168e-09,1.097196108660446e-11,0.008499031882694014,4.169946861880201e-07
830,3.98490967854275e-15,4.594145856398756e-09,1.0845723042310517e-11,0.00849370823313074,4.1599712281883073e-07
831,3.746811844424206e-15,4.5736112065661e-09,1.0720853741763368e-11,0.008488394237433219,4.150031362380491e-07
832,3.5203406817237745e-15,4.553194052379815e-09,1.0597340007579907e-11,0.008483089866729762,4.1401270936193466e-07
833,3.305048472287192e-15,4.532896591418124e-09,1.0475168754563478e-11,0.008477795092268897,4.1302582520864146e-07
834,3.100500721027052e-15,4.512720954097363e-09,1.035432698982215e-11,0.008472509885418734,4.120424668974901e-07
835,2.9062758480459236e-15,4.492669203791102e-09,1.0234801812865469e-11,0.008467234217666325,4.110626176482449e-07
836,2.72196488722624e-15,4.472743336993302e-09,1.011658041568034e-11,0.008461968060617024,4.1008626078039774e-07
837,2.5471711911576306e-15,4.452945283523945e-09,9.999650082786489e-12,0.008456711385993868,4.0911337971245727e-07
838,2.3815101422748543e-15,4.433276906775583e-09,9.883998191271991e-12,0.008451464165636951,4.0814395796124465e-07
839,2.2246088700819637e-15,4.413740003999237e-09,9.769612210809365e-12,0.0084462263715028,4.071779791411944e-07
840,2.0761059743407107e-15,4.394336306628071e-09,9.656479703652737e-12,0.008440997975663757,4.0621542696366173e-07
841,1.9356512541036008e-15,4.37506748063732e-09,9.544588324616539e-12,0.00843577895030737,4.0525628523623515e-07
842,1.802905442474271e-15,4.355935126938891e-09,9.433925821036233e-12,0.008430569267735784,4.043005378620549e-07
843,1.677539946980179e-15,4.336940781809128e-09,9.32448003271146e-12,0.00842536890036513,4.0334816883913716e-07
844,1.5592365954448106e-15,4.318085917348225e-09,9.216238891832128e-12,0.008420177820724939,4.0239916225970356e-07
845,1.4476873872487921e-15,4.29937194196975e-09,9.109190422887924e-12,0.008414996001457523,4.0145350230951646e-07
846,1.3425942498714447e-15,4.28080020091881e-09,9.003322742561528e-12,0.0084098234153174,4.0051117326721925e-07
847,1.243668800606459e-15,4.262371976817404e-09,8.898624059606207e-12,0.008404660035170701,3.9957215950368287e-07
848,1.1506321133473776e-15,4.244088490235463e-09,8.79508267470796e-12,0.008399505833994575,3.9863644548135686e-07
849,1.0632144903406646e-15,4.225950900286172e-09,8.692686980332839e-12,0.008394360784876615,3.9770401575362626e-07
850,9.811552388060821e-16,4.207960305244185e-09,8.591425460559715e-12,0.008389224861014281,3.9677485496417353e-07
851,9.042024523260888e-16,4.1901177431853e-09,8.491286690899041e-12,0.008384098035714322,3.9584894784634577e-07
852,8.321127969078684e-16,4.1724241926462705e-09,8.392259338097816e-12,0.008378980282392203,3.9492627922252715e-07
853,7.646513016234901e-16,4.154880573303404e-09,8.294332159931327e-12,0.008373871574571543,3.940068340035163e-07
854,7.015911537355423e-16,4.137487746668623e-09,8.197494004981988e-12,0.008368771885883551,3.9309059718790905e-07
855,6.427134982173991e-16,4.1202465168017445e-09,8.101733812405574e-12,0.00836368119006646,3.921775538614858e-07
856,5.87807241579052e-16,4.1031576310376994e-09,8.007040611685375e-12,0.008358599460964978,3.9126768919660425e-07
857,5.366688599111888e-16,4.086221780727471e-09,7.913403522374514e-12,0.008353526672529725,3.9036098845159693e-07
858,4.891022110619009e-16,4.069439601991557e-09,7.820811753826824e-12,0.008348462798816696,3.894574369701735e-07
859,4.449183508620952e-16,4.05281167648482e-09,7.729254604916663e-12,0.008343407813986708,3.8855702018082795e-07
860,4.0393535331732174e-16,4.036338532171568e-09,7.638721463748006e-12,0.00833836169230486,3.8765972359625076e-07
861,3.6597813468534446e-16,4.020020644109768e-09,7.54920180735309e-12,0.008333324408139987,3.8676553281274564e-07
862,3.3087828136037538e-16,4.003858435243349e-09,7.460685201381069e-12,0.008328295935964134,3.8587443350965087e-07
863,2.98473881486438e-16,3.987852277201532e-09,7.373161299776881e-12,0.008323276250352018,3.8498641144876574e-07
864,2.686093602238559e-16,3.972002491104223e-09,7.286619844450702e-12,0.008318265325980498,3.841014524737811e-07
865,2.4113531859435746e-16,3.9563093483724545e-09,7.201050664938355e-12,0.008313263137628053,3.832195425097147e-07
866,2.1590837583175585e-16,3.940773071542974e-09,7.116443678052888e-12,0.00830826966017426,3.8234066756235137e-07
867,1.9279101516660145e-16,3.925393835086088e-09,7.032788887527683e-12,0.008303284868599273,3.8146481371768706e-07
868,1.7165143297461775e-16,3.910171766225844e-09,6.9500763836513864e-12,0.008298308737983304,3.805919671413779e-07
869,1.5236339122011615e-16,3.89510694576178e-09,6.868296342894923e-12,0.008293341243506114,3.7972211407819327e-07
870,1.348060731269425e-16,3.880199408891375e-09,6.7874390275309585e-12,0.008288382360446505,3.788552408514737e-07
871,1.1886394201084372e-16,3.865449146032488e-09,6.707494785245969e-12,0.00828343206418181,3.7799133386259276e-07
872,1.0442660320844685e-16,3.850856103645011e-09,6.628454048745322e-12,0.008278490330187393,3.7713037959042303e-07
873,9.138866903932684e-17,3.83642018505104e-09,6.550307335351547e-12,0.008273557134036148,3.76272364590807e-07
874,7.964962673889601e-17,3.822141251252925e-09,6.473045246596086e-12,0.008268632451397999,3.7541727549603157e-07
875,6.911370930108213e-17,3.808019121748513e-09,6.396658467804816e-12,0.008263716258039412,3.745650990143071e-07
876,5.968976917096977e-17,3.794053575342984e-09,6.321137767677546e-12,0.0082588085298229,3.737158219292503e-07
877,5.129115472876852e-17,3.780244350956744e-09,6.24647399786176e-12,0.008253909242706536,3.7286943109937145e-07
878,4.383558950763278e-17,3.766591148428796e-09,6.172658092520885e-12,0.00824901837274347,3.7202591345756574e-07
879,3.7245054089000264e-17,3.7530936293150524e-09,6.0996810678972355e-12,0.008244135896081445,3.711852560106084e-07
880,3.1445670620234647e-17,3.739751417681159e-09,6.0275340218699774e-12,0.00823926178896232,3.703474458386539e-07
881,2.636758990045556e-17,3.7265641008893326e-09,5.9562081335082165e-12,0.008234396027721596,3.695124700947391e-07
882,2.1944880981515358e-17,3.7135312303787958e-09,5.885694662619575e-12,0.008229538588787938,3.686803160042906e-07
883,1.8115423232137184e-17,3.7006523224394198e-09,5.8159849492943435e-12,0.008224689448682711,3.678509708646356e-07
884,1.482080081426442e-17,3.687926858978182e-09,5.747070413445498e-12,0.008219848584019505,3.6702442204451657e-07
885,1.2006199521686143e-17,3.6753542882781318e-09,5.678942554344798e-12,0.00821501597150368,3.662006569836102e-07
886,9.620305931998809e-18,3.662934025749489e-09,5.611592950155103e-12,0.008210191587931901,3.653796631920498e-07
887,7.615208823940314e-18,3.6506654546726556e-09,5.54501325745918e-12,0.00820537541019168,3.645614282499512e-07
888,5.9463028130897174e-18,3.6385479269327995e-09,5.479195210785168e-12,0.008200567415260913,3.63745939806943e-07
889,4.572194159864631e-18,3.6265807637458454e-09,5.414130622128876e-12,0.00819576758020744,3.6293318558170003e-07
890,3.4546087046682595e-18,3.6147632563755817e-09,5.349811380473118e-12,0.008190975882188587,3.6212315336148054e-07
891,2.5583018859408915e-18,3.6030946668417447e-09,5.286229451304285e-12,0.008186192298450719,3.613158310016672e-07
892,1.850970797755323e-18,3.591574228618881e-09,5.223376876126295e-12,0.0081814168063288,3.605112064253112e-07
893,1.3031682444633977e-18,3.5802011473258496e-09,5.161245771972129e-12,0.008176649383245941,3.597092676226807e-07
894,8.882187507517094e-19,3.5689746014058176e-09,5.09982833091308e-12,0.008171890006712973,3.5891000265081187e-07
895,5.821364862986664e-19,3.557893742796675e-09,5.039116819565958e-12,0.008167138654328002,3.581133996330642e-07
896,3.6354506504310526e-19,3.546957697591762e-09,4.979103578598303e-12,0.008162395303775981,3.573194467586788e-07
897,2.1359917987663428e-19,3.536165566690815e-09,4.919781022231898e-12,0.008157659932828272,3.5652813228234036e-07
898,1.1590803435824382e-19,3.5255164264411477e-09,4.861141637744602e-12,0.00815293251934222,3.5573944452374236e-07
899,5.646053382071223e-20,3.515009329268961e-09,4.8031779849707444e-12,0.00814821304126073,3.549533718671556e-07
900,2.3552198994277325e-20,3.5046433043008373e-09,4.745882695800218e-12,0.008143501476611845,3.541699027610003e-07
901,7.713766014194503e-21,3.4944173579753545e-09,4.6892484736763474e-12,0.008138797803508312,3.5338902571742153e-07
902,1.6414374054620543e-21,3.484330474644893e-09,4.633268093092782e-12,0.00813410200014718,3.5261072931186734e-07
903,1.2874935042931383e-22,3.474381617167638e-09,4.57793439908943e-12,0.008129414044809375,3.518350021826709e-07
904,2.124348836871288e-26,3.4645697274898505e-09,4.5232403067476885e-12,0.008124733915859288,3.5106183303063554e-07
905,4.5354221848004626e-23,3.4548937272184237e-09,4.469178800684969e-12,0.008120061591744363,3.502912106186228e-07
906,9.57146032761954e-22,3.4453525181838658e-09,4.415742934548776e-12,0.008115397050994694,3.4952312377114374e-07
907,5.268090255787445e-21,3.4359449829937328e-09,4.362925830510348e-12,0.008110740272222612,3.487575613739537e-07
908,1.729062854393628e-20,3.4266699855766677e-09,4.310720678758073e-12,0.008106091234122285,3.4799451237364983e-07
909,4.305782518019587e-20,3.4175263717171013e-09,4.259120736990713e-12,0.008101449915469317,3.472339657772717e-07
910,9.026563386608375e-20,3.4085129695807837e-09,4.208119329910612e-12,0.008096816295120345,3.464759106519051e-07
911,1.6821652726689489e-19,3.399628590231268e-09,4.1577098487169746e-12,0.008092190352012653,3.457203361242889e-07
912,2.8776446043433797e-19,3.390872028137464e-09,4.107885750599326e-12,0.008087572065163766,3.449672313804248e-07
913,4.61261139811567e-19,3.3822420616724345e-09,4.058640558231246e-12,0.008082961413671066,3.4421658566519e-07
914,7.025035700984201e-19,3.3737374536035966e-09,4.009967859264492e-12,0.008078358376711395,3.4346838828195304e-07
915,1.0266828518161994e-18,3.3653569515744877e-09,3.961861305823609e-12,0.00807376293354068,3.427226285921924e-07
916,1.450334202961783e-18,3.357099288578256e-09,3.9143146140011155e-12,0.008069175063493538,3.4197929601511793e-07
917,1.991288178680469e-18,3.3489631834230807e-09,3.867321563353361e-12,0.008064594745982898,3.412383800272955e-07
918,2.668623063415892e-18,3.340947341189701e-09,3.8208759963971586e-12,0.008060021960499616,3.404998701622739e-07
919,3.502618410513911e-18,3.333050453681235e-09,3.774971818107242e-12,0.008055456686612105,3.397637560102153e-07
920,4.514709704765592e-18,3.3252711998655025e-09,3.729602995414679e-12,0.008050898903965951,3.390300272175278e-07
921,5.727444123872689e-18,3.3176082463100324e-09,3.684763556706306e-12,0.00804634859228355,3.382986734865012e-07
922,7.16443737530743e-18,3.3100602476099953e-09,3.640447591325235e-12,0.008041805731363722,3.3756968457494557e-07
923,8.850331585517097e-18,3.302625846809225e-09,3.5966492490725637e-12,0.008037270301081357,3.368430502958322e-07
924,1.0810754218893184e-17,3.2953036758145867e-09,3.553362739710328e-12,0.008032742281387038,3.361187605169373e-07
925,1.3072278004384909e-17,3.2880923558038734e-09,3.5105823324657743e-12,0.00802822165230668,3.3539680516048887e-07
926,1.56623818480877e-17,3.280990497627467e-09,3.4683023555370212e-12,0.008023708393941165,3.346771742028156e-07
927,1.8609412710579155e-17,3.2739967022039676e-09,3.4265171956001975e-12,0.008019202486465987,3.339598576739987e-07
928,2.194254842820834e-17,3.26710956091003e-09,3.3852212973180982e-12,0.008014703910130887,3.332448456575265e-07
929,2.5691761457968542e-17,3.2603276559646184e-09,3.3444091628504348e-12,0.008010212645259503,3.325321282899512e-07
930,2.9887783526000205e-17,3.2536495608078903e-09,3.3040753513657466e-12,0.008005728672249007,3.3182169576054863e-07
931,3.4562071160178224e-17,3.247073840474952e-09,3.264214478555017e-12,0.008001251971569765,3.3111353831098034e-07
932,3.974677208763782e-17,3.240599051964687e-09,3.2248212161470622e-12,0.007996782523764972,3.304076462349582e-07
933,4.547469247848518e-17,3.2342237446038897e-09,3.185890291425756e-12,0.007992320309450318,3.2970400987791146e-07
934,5.177926501732281e-17,3.2279464604069296e-09,3.147416486749125e-12,0.00798786530931364,3.290026196366567e-07
935,5.869451778459631e-17,3.2217657344311304e-09,3.1093946390703844e-12,0.007983417504114564,3.2830346595906954e-07
936,6.625504393013781e-17,3.215680095128121e-09,3.071819639460948e-12,0.007978976874684181,3.2760653934375927e-07
937,7.449597212164362e-17,3.2096880646913465e-09,3.0346864326354795e-12,0.007974543401924697,3.2691183033974605e-07
938,8.34529377511773e-17,3.203788159399965e-09,2.9979900164790076e-12,0.007970117066809097,3.2621932954613987e-07
939,9.316205488313677e-17,3.1979788899593076e-09,2.9617254415761776e-12,0.007965697850380808,3.255290276118225e-07
940,1.0365988892746585e-16,3.1922587618381543e-09,2.9258878107426505e-12,0.007961285733753367,3.248409152351315e-07
941,1.1498343002222147e-16,3.1866262756029855e-09,2.8904722785587237e-12,0.007956880698110088,3.2415498316354673e-07
942,1.2717006710993818e-16,3.181079927249422e-09,2.855474050905181e-12,0.007952482724703733,3.2347122219337896e-07
943,1.4025756269254895e-16,3.1756182085310504e-09,2.8208883845014388e-12,0.007948091794856178,3.2278962316946086e-07
944,1.5428402824993782e-16,3.170239607285825e-09,2.7867105864459973e-12,0.007943707889958095,3.2211017698484046e-07
945,1.6928790030750628e-16,3.16494260776021e-09,2.7529360137592604e-12,0.007939330991468619,3.2143287458047664e-07
946,1.8530791713843663e-16,3.1597256909312695e-09,2.7195600729287303e-12,0.00793496108091503,3.20757706944937e-07
947,2.0238309608663285e-16,3.15458733482686e-09,2.686578219456618e-12,0.007930598139892437,3.200846651140977e-07
948,2.2055271149660794e-16,3.149526014844108e-09,2.6539859574099204e-12,0.007926242150063446,3.1941374017084595e-07
949,2.398562732368697e-16,3.144540204066327e-09,2.621778838972952e-12,0.007921893093157854,3.187449232447843e-07
950,2.6033350580363897e-16,3.139628373578527e-09,2.5899524640023984e-12,0.007917550950972328,3.180782055119371e-07
951,2.820243279920016e-16,3.1347889927816996e-09,2.558502479584892e-12,0.007913215705370093,3.1741357819445943e-07
952,3.0496883312186656e-16,3.1300205297059844e-09,2.5274245795971467e-12,0.007908887338280624,3.16751032560348e-07
953,3.2920726980636317e-16,3.125321451322875e-09,2.4967145042686744e-12,0.00790456583169933,3.160905599231538e-07
954,3.5478002325056877e-16,3.120690223856612e-09,2.4663680397470973e-12,0.007900251167687247,3.154321516416977e-07
955,3.817275970687034e-16,3.116125313094866e-09,2.436381017666087e-12,0.007895943328370732,3.147757991197869e-07
956,4.1009059560818515e-16,3.111625184698846e-09,2.4067493147159466e-12,0.007891642295941161,3.141214938059348e-07
957,4.3990970676916956e-16,3.107188304512938e-09,2.377468852216854e-12,0.007887348052654624,3.134692271930817e-07
958,4.712256853084435e-16,3.1028131388739924e-09,2.3485355956947772e-12,0.007883060580831621,3.1281899081831864e-07
959,5.040793366167665e-16,3.098498154920356e-09,2.3199455544601036e-12,0.007878779862856768,3.1217077626261227e-07
960,5.385115009589878e-16,3.0942418209007175e-09,2.2916947811889567e-12,0.007874505881178493,3.1152457515053215e-07
961,5.745630381664858e-16,3.0900426064828996e-09,2.2637793715072593e-12,0.00787023861830875,3.108803791499802e-07
962,6.122748127716921e-16,3.0858989830626266e-09,2.2361954635775178e-12,0.007865978056822705,3.102381799719217e-07
963,6.516876795746835e-16,3.081809424072365e-09,2.208939237688369e-12,0.007861724179358466,3.095979693701187e-07
964,6.92842469632032e-16,3.0777724052903057e-09,2.1820069158468876e-12,0.007857476968616777,3.0895973914086485e-07
965,7.35779976658297e-16,3.073786405149517e-09,2.1553947613736612e-12,0.007853236407360735,3.0832348112272245e-07
966,7.805409438307684e-16,3.0698499050473387e-09,2.129099078500653e-12,0.007849002478415495,3.076891871962615e-07
967,8.271660509882422e-16,3.0659613896550556e-09,2.1031162119718527e-12,0.007844775164667995,3.0705684928380024e-07
968,8.756959022148189e-16,3.0621193472278638e-09,2.077442546646727e-12,0.00784055444906666,3.0642645934914803e-07
969,9.261710137998984e-16,3.0583222699151886e-09,2.052074507106474e-12,0.007836340314621127,3.0579800939734964e-07
970,9.786318025657282e-16,3.0545686540713322e-09,2.027008557263089e-12,0.007832132744401957,3.0517149147443155e-07
971,1.0331185745540522e-15,3.0508570005664945e-09,2.0022411999712507e-12,0.007827931721540362,3.0454689766715034e-07
972,1.0896715140635714e-15,3.0471858150981534e-09,1.977768976643022e-12,0.007823737229227919,3.039242201027423e-07
973,1.1483306730301206e-15,3.043553608502802e-09,1.9535884668653797e-12,0.007819549250716297,3.0330345094867536e-07
974,1.209135960741614e-15,3.039958897068024e-09,1.9296962880205717e-12,0.007815367769316987,3.0268458241240267e-07
975,1.2721271338800015e-15,3.0364002028449058e-09,1.9060890949092998e-12,0.007811192768401019,3.020676067411176e-07
976,1.3373437868826253e-15,3.0328760539607173e-09,1.8827635793767382e-12,0.007807024231398694,3.0145251622151104e-07
977,1.4048253426155388e-15,3.029384984931897e-09,1.859716469941381e-12,0.007802862141799315,3.0083930317952985e-07
978,1.4746110433514934e-15,3.0259255369772096e-09,1.836944531426725e-12,0.007798706483150916,3.002279599801376e-07
979,1.5467399420454749e-15,3.022496258331106e-09,1.814444564595777e-12,0.007794557239059993,2.996184790270767e-07
980,1.6212508939007915e-15,3.01909570455717e-09,1.7922134057884e-12,0.007790414393191239,2.990108527626319e-07
981,1.6981825482188987e-15,3.0157224388616354e-09,1.7702479265614786e-12,0.007786277929267281,2.9840507366739627e-07
982,1.7775733405262578e-15,3.012375032406871e-09,1.748545033331921e-12,0.007782147831068414,2.9780113426003823e-07
983,1.859461484971698e-15,3.00905206462476e-09,1.727101667022472e-12,0.007778024082432342,2.9719902709707035e-07
984,1.9438849669878595e-15,3.0057521235299046e-09,1.705914802710358e-12,0.007773906667253915,2.965987447726198e-07
985,2.030881536210461e-15,3.0024738060325524e-09,1.6849814492787363e-12,0.007769795569484873,2.9600027991820067e-07
986,2.120488699649251e-15,2.999215718251151e-09,1.6642986490709626e-12,0.007765690773133584,2.9540362520248723e-07
987,2.2127437151046292e-15,2.9959764758244343e-09,1.6438634775476606e-12,0.007761592262264791,2.948087733310898e-07
988,2.3076835848240822e-15,2.9927547042229132e-09,1.6236730429465948e-12,0.00775750002099936,2.9421571704633124e-07
989,2.405345049392654e-15,2.9895490390596807e-09,1.6037244859453321e-12,0.007753414033514022,2.936244491270256e-07
990,2.505764581851847e-15,2.9863581264003897e-09,1.5840149793266991e-12,0.007749334284041123,2.93034962388258e-07
991,2.6089783820414343e-15,2.983180623072291e-09,1.5645417276470122e-12,0.007745260756868374,2.9244724968116635e-07
992,2.7150223711587925e-15,2.980015196972188e-09,1.5453019669070883e-12,0.007741193436338602,2.918613038927244e-07
993,2.8239321865304814e-15,2.9768605273731884e-09,1.5262929642260101e-12,0.007737132306849499,2.912771179455261e-07
994,2.935743176590921e-15,2.9737153052300902e-09,1.5075120175176609e-12,0.007733077352853382,2.906946847975723e-07
995,3.0504903960630965e-15,2.9705782334832787e-09,1.48895645517e-12,0.007729028558856942,2.901139974420578e-07
996,3.16820860133637e-15,2.967448027360958e-09,1.47062363572708e-12,0.007724985909421006,2.895350489071608e-07
997,3.28893224603655e-15,2.964323414679595e-09,1.452510947573796e-12,0.007720949389160288,2.889578322558335e-07
998,3.412695476783487e-15,2.9612031361423824e-09,1.4346158086233502e-12,0.007716918982743153,2.883823405855937e-07
999,3.5395321291315917e-15,2.9580859456355833e-09,1.4169356660074311e-12,0.007712894674891375,2.878085670283189e-07
1000,3.669475723688717e-15,2.9549706105225927e-09,1.399467995769096e-12,0.0077088764503799,2.872365047500409e-07
1001,3.802559462408987e-15,2.9518559119355153e-09,1.3822103025583315e-12,0.007704864294036607,2.8666614695074213e-07
1002,3.938816225055252e-15,2.9487406450641315e-09,1.3651601193303024e-12,0.0077008581907420754,2.860974868641536e-07
1003,4.0782785658269e-15,2.9456236194420427e-09,1.3483150070462662e-12,0.007696858125429348,2.85530517757554e-07
1004,4.220978710148909e-15,2.9425036592298385e-09,1.3316725543771379e-12,0.007692864083083697,2.849652329315702e-07
1005,4.3669485516180625e-15,2.9393796034950946e-09,1.3152303774097038e-12,0.007688876048742394,2.844016257199793e-07
1006,4.516219649102367e-15,2.9362503064890286e-09,1.2989861193554626e-12,0.0076848940074944775,2.8383968948951195e-07
1007,4.668823223989791e-15,2.933114637919632e-09,1.2829374502620892e-12,0.0076809179444805266,2.832794176396569e-07
1008,4.8247901575825145e-15,2.9299714832210814e-09,1.2670820667275037e-12,0.007676947844892429,2.8272080360246725e-07
1009,4.984150988633008e-15,2.9268197438192547e-09,1.2514176916165318e-12,0.007672983693973156,2.821638408423676e-07
1010,5.1469359110182584e-15,2.92365833739317e-09,1.235942073780147e-12,0.007669025477016537,2.8160852285596293e-07
1011,5.313174771548632e-15,2.9204861981321556e-09,1.2206529877772826e-12,0.007665073179367031,2.810548431718486e-07
1012,5.482897067907887e-15,2.9173022769885494e-09,1.2055482335991946e-12,0.007661126786419511,2.805027953504216e-07
1013,5.656131946720917e-15,2.914105541925781e-09,1.1906256363963636e-12,0.0076571862836190335,2.799523729836931e-07
1014,5.832908201745935e-15,2.9108949781616026e-09,1.1758830462079284e-12,0.007653251656460624,2.7940356969510256e-07
1015,6.0132542721878155e-15,2.90766958840632e-09,1.1613183376936265e-12,0.007649322890489053,2.7885637913933283e-07
1016,6.19719824112944e-15,2.9044283930958183e-09,1.1469294098682327e-12,0.00764539997129862,2.783107950021265e-07
1017,6.384767834077924e-15,2.9011704306192223e-09,1.1327141858384877e-12,0.007641482884532933,2.777668110001038e-07
1018,6.5759904176227035e-15,2.89789475754097e-09,1.1186706125424888e-12,0.007637571615884695,2.772244208805814e-07
1019,6.770892998202472e-15,2.89460044881716e-09,1.1047966604915366e-12,0.007633666151095489,2.766836184213927e-07
1020,6.969502220978092e-15,2.891286598005985e-09,1.091090323514425e-12,0.007629766475955564,2.761443974307091e-07
1021,7.17184436880866e-15,2.8879523174720555e-09,1.0775496185041532e-12,0.007625872576303618,2.75606751746863e-07
1022,7.377945361327866e-15,2.88459673858446e-09,1.0641725851670461e-12,0.0076219844380265925,2.750706752381711e-07
1023,7.587830754118051e-15,2.881219011908395e-09,1.050957285774274e-12,0.007618102047059459,2.745361618027601e-07
1024,7.801525737979193e-15,2.877818307390194e-09,1.0379018049157466e-12,0.007614225389385007,2.7400320536839233e-07
1025,8.019055138290273e-15,2.874393814535566e-09,1.0250042492563733e-12,0.007610354451033642,2.7347179989229356e-07
1026,8.240443414460528e-15,2.870944742580944e-09,1.0122627472946726e-12,0.007606489218083169,2.729419393609814e-07
1027,8.465714659468037e-15,2.867470320657723e-09,9.996754491237135e-13,0.007602629676658598,2.7241361779009516e-07
1028,8.694892599483239e-15,2.863969797949286e-09,9.872405261943733e-13,0.0075987758129319296,2.7188682922422663e-07
1029,8.928000593575034e-15,2.8604424438406304e-09,9.749561710808994e-13,0.0075949276131219556,2.713615677367524e-07
1030,9.165061633497127e-15,2.8568875480604985e-09,9.628205972487531e-13,0.007591085063494055,2.7083782742966674e-07
1031,9.406098343552373e-15,2.8533044208158295e-09,9.508320388247268e-13,0.0075872481503599905,2.70315602433416e-07
1032,9.651132980532885e-15,2.8496923929184355e-09,9.389887503693108e-13,0.00758341686007771,2.697948869067342e-07
1033,9.900187433733756e-15,2.8460508159037595e-09,9.272890066513048e-13,0.007579591179051148,2.692756750364793e-07
1034,1.0153283225038286e-14,2.8423790621415865e-09,9.157311024246425e-13,0.007575771093730023,2.687579610374712e-07
1035,1.0410441509072629e-14,2.838676524938612e-09,9.043133522074279e-13,0.007571956590609643,2.6824173915233e-07
1036,1.0671683073427894e-14,2.8349426186327563e-09,8.930340900631586e-13,0.00756814765623071,2.677270036513164e-07
1037,1.0937028338947627e-14,2.831176778679092e-09,8.818916693841209e-13,0.00756434427717912,2.6721374883217203e-07
1038,1.1206497360078865e-14,2.8273784617273413e-09,8.708844626769459e-13,0.007560546440085771,2.667019690199617e-07
1039,1.1480109825284812e-14,2.8235471456908007e-09,8.600108613503011e-13,0.007556754131626374,2.661916585669165e-07
1040,1.1757885057517287e-14,2.81968232980663e-09,8.492692755047089e-13,0.007552967338521251,2.656828118522777e-07
1041,1.2039842014747231e-14,2.8157835346874536e-09,8.386581337244717e-13,0.007549186047535151,2.6517542328214187e-07
1042,1.232599929055136e-14,2.8118503023641497e-09,8.281758828716889e-13,0.00754541024547706,2.6466948728930717e-07
1043,1.2616375114753466e-14,2.8078821963198266e-09,8.178209878823479e-13,0.007541639919200007,2.641649983331205e-07
1044,1.2910987354118475e-14,2.8038788015148693e-09,8.07591931564471e-13,0.007537875055600876,2.636619508993255e-07
1045,1.3209853513097788e-14,2.7998397244030656e-09,7.974872143983089e-13,0.0075341156416202214,2.6316033949991196e-07
1046,1.3512990734624205e-14,2.795764592938726e-09,7.875053543385518e-13,0.007530361664242081,2.62660158672966e-07
1047,1.3820415800954936e-14,2.7916530565747935e-09,7.776448866185567e-13,0.00752661311049379,2.6216140298252134e-07
1048,1.4132145134561146e-14,2.787504786251895e-09,7.679043635565588e-13,0.007522869967445794,2.6166406701841133e-07
1049,1.444819479906255e-14,2.7833194743783263e-09,7.582823543638606e-13,0.007519132222211471,2.611681453961222e-07
1050,1.4768580500205593e-14,2.7790968348009693e-09,7.487774449549785e-13,0.007515399861946942,2.606736327566473e-07
1051,1.5093317586883803e-14,2.774836602767129e-09,7.393882377597284e-13,0.007511672873850893,2.6018052376634214e-07
1052,1.542242105219902e-14,2.77053853487728e-09,7.301133515372381e-13,0.007507951245164397,2.596888131167805e-07
1053,1.575590553456194e-14,2.766202409028762e-09,7.209514211918608e-13,0.007504234963170729,2.5919849552461143e-07
1054,1.609378531883083e-14,2.761828024350426e-09,7.119010975909811e-13,0.0075005240151951895,2.5870956573141737e-07
1055,1.6436074337487163e-14,2.757415201128271e-09,7.029610473846932e-13,0.007496818388604926,2.582220185035728e-07
1056,1.6782786171846692e-14,2.7529637807220892e-09,6.941299528273292e-13,0.007493118070808755,2.5773584863210427e-07
1057,1.7133934053304976e-14,2.74847362547319e-09,6.854065116008286e-13,0.00748942304925699,2.5725105093255125e-07
1058,1.748953086461595e-14,2.74394461860322e-09,6.767894366399204e-13,0.007485733311441262,2.5676762024482755e-07
1059,1.7849589141202577e-14,2.739376664104166e-09,6.682774559591095e-13,0.007482048844894346,2.562855514330841e-07
1060,1.8214121072498357e-14,2.734769686619589e-09,6.598693124814404e-13,0.007478369637189989,2.558048393855725e-07
1061,1.85831385033184e-14,2.730123631317178e-09,6.51563763869026e-13,0.007474695675942736,2.5532547901450926e-07
1062,1.8956652935259295e-14,2.7254384637526854e-09,6.433595823553145e-13,0.007471026948807759,2.548474652559412e-07
1063,1.9334675528126487e-14,2.7207141697253462e-09,6.352555545790828e-13,0.007467363443480688,2.543707930696116e-07
1064,1.9717217101388234e-14,2.7159507551248754e-09,6.272504814201272e-13,0.007463705147697438,2.5389545743882707e-07
1065,2.010428813565506e-14,2.711148245770137e-09,6.193431778366332e-13,0.007460052049234039,2.534214533703258e-07
1066,2.049589877418374e-14,2.7063066872395993e-09,6.115324727042035e-13,0.007456404135906473,2.5294877589414603e-07
1067,2.089205882440502e-14,2.7014261446937032e-09,6.038172086565127e-13,0.007452761395570506,2.5247742006349587e-07
1068,2.129277775947373e-14,2.696506702689236e-09,5.961962419275683e-13,0.0074491238161215135,2.520073809546236e-07
1069,2.1698064719840946e-14,2.6915484649858816e-09,5.886684421955472e-13,0.007445491385494326,2.515386536666893e-07
1070,2.2107928514846745e-14,2.6865515543450438e-09,5.812326924281739e-13,0.007441864091663056,2.5107123332163663e-07
1071,2.2522377624333124e-14,2.6815161123211146e-09,5.738878887296042e-13,0.007438241922640939,2.5060511506406614e-07
1072,2.29414202002759e-14,2.6764422990453093e-09,5.666329401887728e-13,0.007434624866480168,2.50140294061109e-07
1073,2.3365064068435073e-14,2.671330293002253e-09,5.594667687291592e-13,0.0074310129112717315,2.4967676550230146e-07
1074,2.3793316730022605e-14,2.66618029079944e-09,5.52388308959905e-13,0.007427406045145253,2.492145245994606e-07
1075,2.422618536338691e-14,2.6609925069297774e-09,5.453965080282156e-13,0.007423804256268831,2.487535665865605e-07
1076,2.46636768257134e-14,2.6557671735273254e-09,5.384903254729462e-13,0.007420207532848874,2.4829388671960904e-07
1077,2.5105797654740114e-14,2.65050454011648e-09,5.316687330792557e-13,0.007416615863129951,2.478354802765262e-07
1078,2.555255407048801e-14,2.6452048733547103e-09,5.24930714734148e-13,0.007413029235394624,2.4737834255702226e-07
1079,2.6003951977004832e-14,2.639868456769082e-09,5.182752662826642e-13,0.007409447637963295,2.4692246888247767e-07
1080,2.6459996964122204e-14,2.634495590486732e-09,5.117013953843537e-13,0.00740587105919405,2.4646785459582283e-07
1081,2.692069430922516e-14,2.6290865909595084e-09,5.052081213694379e-13,0.007402299487482503,2.460144950614194e-07
1082,2.7386048979033398e-14,2.6236417906829507e-09,4.987944750936507e-13,0.007398732911261639,2.4556238566494183e-07
1083,2.7856065631393656e-14,2.618161537909827e-09,4.924594987898018e-13,0.007395171319001659,2.4511152181326006e-07
1084,2.8330748617082627e-14,2.612646196358433e-09,4.862022459117012e-13,0.007391614699209832,2.4466189893432263e-07
1085,2.8810101981619736e-14,2.6070961449158446e-09,4.800217809576469e-13,0.007388063040430336,2.442135124770407e-07
1086,2.9294129467089403e-14,2.6015117773363677e-09,4.7391717919131e-13,0.007384516331244112,2.437663579111729e-07
1087,2.9782834513971804e-14,2.5958935019353624e-09,4.678875257111975e-13,0.007380974560268706,2.433204307272107e-07
1088,3.027622026298209e-14,2.5902417412786804e-09,4.619319163835325e-13,0.007377437716158125,2.428757264362648e-07
1089,3.077428955691696e-14,2.5845569318679345e-09,4.560494578538642e-13,0.007373905787602684,2.424322405699519e-07
1090,3.127704494250877e-14,2.578839523821818e-09,4.5023926745550075e-13,0.007370378763328856,2.419899686802825e-07
1091,3.178448867228578e-14,2.5730899805536876e-09,4.445004731007438e-13,0.007366856632099129,2.4154890633954924e-07
1092,3.2296622706438876e-14,2.5673087784456414e-09,4.3883221316581453e-13,0.007363339382711853,2.4110904914021605e-07
1093,3.2813448714693836e-14,2.5614964065193268e-09,4.3323363637315826e-13,0.0073598270040010965,2.4067039269480793e-07
1094,3.333496807818861e-14,2.5556533661036955e-09,4.2770390167275344e-13,0.007356319484836499,2.402329326358015e-07
1095,3.3861181891355384e-14,2.549780170499925e-09,4.222421781232774e-13,0.007352816814123126,2.397966646155161e-07
1096,3.439209096380709e-14,2.5438773446437525e-09,4.168476447736149e-13,0.007349318980801326,2.39361584306006e-07
1097,3.4927695822227394e-14,2.537945424765434e-09,4.115194905450038e-13,0.007345825973846586,2.3892768739895237e-07
1098,3.5467996712264354e-14,2.531984958047574e-09,4.0625691411401326e-13,0.007342337782269387,2.3849496960555734e-07
1099,3.601299360042685e-14,2.5259965022810377e-09,4.0105912379648074e-13,0.0073388543951150645,2.3806342665643737e-07
1100,3.6562686175983717e-14,2.519980625519169e-09,3.9592533743249486e-13,0.007335375801463662,2.3763305430151806e-07
1101,3.711707385286519e-14,2.5139379057305764e-09,3.9085478227248347e-13,0.0073319019904297955,2.3720384830992948e-07
1102,3.7676155771565964e-14,2.5078689304506707e-09,3.8584669486445253e-13,0.007328432951162513,2.3677580446990204e-07
1103,3.8239930801049775e-14,2.5017742964321986e-09,3.8090032094239456e-13,0.007324968672845146,2.3634891858866308e-07
1104,3.880839754065521e-14,2.495654609295008e-09,3.76014915315899e-13,0.007321509144695185,2.3592318649233427e-07
1105,3.938155432200207e-14,2.4895104831752354e-09,3.7118974176096365e-13,0.007318054355964131,2.3549860402582932e-07
1106,3.995939921089841e-14,2.483342540374171e-09,3.664240729120235e-13,0.007314604295937359,2.3507516705275269e-07
1107,4.054193000924749e-14,2.477151411007001e-09,3.617171901551927e-13,0.007311158953933987,2.346528714552987e-07
1108,4.1129144256954565e-14,2.4709377326516397e-09,3.570683835227244e-13,0.0073077183193067325,2.3423171313415133e-07
1109,4.172103923383318e-14,2.464702149997878e-09,3.5247695158868325e-13,0.007304282381441781,2.3381168800838474e-07
1110,4.231761196151061e-14,2.4584453144970517e-09,3.47942201365826e-13,0.007300851129758654,2.3339279201536427e-07
1111,4.2918859205332364e-14,2.4521678840124376e-09,3.4346344820368416e-13,0.007297424553710067,2.329750211106482e-07
1112,4.352477747626506e-14,2.4458705224705935e-09,3.390400156878433e-13,0.007294002642781802,2.3255837126789003e-07
1113,4.4135363032797855e-14,2.4395538995138282e-09,3.3467123554040634e-13,0.0072905853864925745,2.3214283847874137e-07
1114,4.4750611882841933e-14,2.433218690154012e-09,3.3035644752163646e-13,0.007287172774393899,2.3172841875275556e-07
1115,4.5370519785627694e-14,2.4268655744279187e-09,3.2609499933276684e-13,0.007283764796069959,2.313151081172917e-07
1116,4.599508225359974e-14,2.420495237054303e-09,3.21886246519969e-13,0.007280361441137475,2.3090290261741947e-07
1117,4.662429455430913e-14,2.4141083670928767e-09,3.1772955237946787e-13,0.007276962699245575,2.304917983158244e-07
1118,4.725815171230265e-14,2.4077056576053864e-09,3.136242878637924e-13,0.007273568560075666,2.3008179129271377e-07
1119,4.7896648511009346e-14,2.4012878053189837e-09,3.0956983148915195e-13,0.007270179013341301,2.2967287764572323e-07
1120,4.8539779494623256e-14,2.3948555102920293e-09,3.055655692439269e-13,0.007266794048788057,2.2926505348982368e-07
1121,4.918753896998307e-14,2.3884094755825385e-09,3.0161089449826067e-13,0.0072634136561934,2.288583149572291e-07
1122,4.9839921008447805e-14,2.3819504069194173e-09,2.9770520791474315e-13,0.007260037825366565,2.2845265819730475e-07
1123,5.049691944776866e-14,2.375479012376643e-09,2.938479173601723e-13,0.007256666546148423,2.2804807937647586e-07
1124,5.115852789395688e-14,2.3689960020505795e-09,2.9003843781838345e-13,0.007253299808411359,2.2764457467813719e-07
1125,5.182473972314705e-14,2.362502087740557e-09,2.862761913041356e-13,0.007249937602059149,2.2724214030256279e-07
1126,5.249554808345638e-14,2.3559979826328483e-09,2.8256060677803926e-13,0.007246579917026827,2.2684077246681662e-07
1127,5.317094589683889e-14,2.349484400988236e-09,2.7889112006251755e-13,0.007243226743280571,2.2644046740466346e-07
1128,5.385092586093515e-14,2.3429620578332595e-09,2.752671737587895e-13,0.007239878070817573,2.2604122136648057e-07
1129,5.4535480450917097e-14,2.3364316686553105e-09,2.716882171648586e-13,0.007236533889665917,2.2564303061916987e-07
1130,5.5224601921327434e-14,2.3298939491016754e-09,2.681537061945017e-13,0.00723319418988446,2.252458914460705e-07
1131,5.591828230791414e-14,2.3233496146826777e-09,2.6466310329724247e-13,0.007229858961562704,2.248498001468722e-07
1132,5.661651342945944e-14,2.3167993804790218e-09,2.6121587737929876e-13,0.0072265281948206824,2.2445475303752884e-07
1133,5.731928688960326e-14,2.310243960853459e-09,2.578115037254939e-13,0.0072232018798088354,2.2406074645017285e-07
1134,5.802659407866126e-14,2.303684069166873e-09,2.544494639221185e-13,0.007219880006707889,2.2366777673303004e-07
1135,5.873842617543677e-14,2.2971204174989067e-09,2.5112924578073283e-13,0.00721656256572874,2.232758402503349e-07
1136,5.945477414902703e-14,2.2905537163732023e-09,2.4785034326289886e-13,0.007213249547112333,2.2288493338224635e-07
1137,6.017562876062348e-14,2.2839846744873784e-09,2.446122564058306e-13,0.007209940941129542,2.2249505252476424e-07
1138,6.090098056530584e-14,2.2774139984478005e-09,2.414144912489503e-13,0.007206636738081059,2.2210619408964621e-07
1139,6.163081991383004e-14,2.270842392509255e-09,2.38256559761343e-13,0.007203336928297267,2.2171835450432497e-07
1140,6.236513695440974e-14,2.2642705583195752e-09,2.351379797700946e-13,0.007200041502138132,2.2133153021182627e-07
1141,6.310392163449168e-14,2.2576991946693184e-09,2.320582748895072e-13,0.0071967504499930845,2.209457176706873e-07
1142,6.384716370252427e-14,2.25112899724653e-09,2.290169744511764e-13,0.007193463762280902,2.2056091335487558e-07
1143,6.459485270971962e-14,2.2445606583966986e-09,2.2601361343492498e-13,0.007190181429449597,2.201771137537083e-07
1144,6.534697801180915e-14,2.2379948668879025e-09,2.2304773240057814e-13,0.0071869034419763,2.1979431537177215e-07
1145,6.610352877079206e-14,2.2314323076812603e-09,2.2011887742057433e-13,0.007183629790367148,2.1941251472884386e-07
1146,6.68644939566774e-14,2.224873661706668e-09,2.1722660001339746e-13,0.007180360465157172,2.1903170835981089e-07
1147,6.762986234921866e-14,2.2183196056439196e-09,2.1437045707782355e-13,0.007177095456910179,2.1865189281459275e-07
1148,6.839962253964222e-14,2.211770811709213e-09,2.11550010827971e-13,0.007173834756218646,2.1827306465806292e-07
1149,6.917376293236782e-14,2.2052279474470795e-09,2.087648287291433e-13,0.007170578353703607,2.1789522046997105e-07
1150,6.995227174672268e-14,2.198691675527765e-09,2.0601448343445749e-13,0.007167326240014538,2.1751835684486573e-07
1151,7.073513701864804e-14,2.1921626535501016e-09,2.0329855272224516e-13,0.007164078405829251,2.1714247039201768e-07
1152,7.15223466023987e-14,2.185641533849846e-09,2.0061661943421983e-13,0.007160834841853784,2.167675577353435e-07
1153,7.231388817223506e-14,2.1791289633135375e-09,1.97968271414399e-13,0.007157595538822286,2.1639361551332966e-07
1154,7.31097492241081e-14,2.1726255831978665e-09,1.9535310144877329e-13,0.007154360487496917,2.1602064037895734e-07
1155,7.390991707733693e-14,2.1661320289545413e-09,1.9277070720571165e-13,0.007151129678667729,2.1564862899962726e-07
1156,7.471437887627863e-14,2.159648930060692e-09,1.902206911770961e-13,0.007147903103152565,2.1527757805708532e-07
1157,7.552312159199125e-14,2.153176909854763e-09,1.8770266062017402e-13,0.007144680751796953,2.1490748424734854e-07
1158,7.633613202388865e-14,2.1467165853779204e-09,1.8521622750012266e-13,0.007141462615473994,2.145383442806314e-07
1159,7.715339680138833e-14,2.1402685672209272e-09,1.8276100843331326e-13,0.007138248685084256,2.141701548812727e-07
1160,7.797490238555142e-14,2.1338334593764985e-09,1.8033662463127002e-13,0.007135038951555671,2.1380291278766298e-07
1161,7.88006350707151e-14,2.127411859097109e-09,1.7794270184531218e-13,0.007131833405843428,2.1343661475217196e-07
1162,7.963058098611771e-14,2.1210043567582047e-09,1.755788703118727e-13,0.007128632038929869,2.1307125754107702e-07
1163,8.046472609751572e-14,2.114611535726826e-09,1.7324476469848476e-13,0.007125434841824383,2.1270683793449147e-07
1164,8.130305620879345e-14,2.108233972235586e-09,1.7094002405042744e-13,0.007122241805563302,2.123433527262939e-07
1165,8.214555696356492e-14,2.1018722352619656e-09,1.6866429173802272e-13,0.007119052921209802,2.1198079872405727e-07
1166,8.299221384676802e-14,2.0955268864129186e-09,1.664172154045762e-13,0.007115868179853791,2.11619172748979e-07
1167,8.384301218625113e-14,2.0891984798146967e-09,1.6419844691495295e-13,0.007112687572611816,2.1125847163581119e-07
1168,8.469793715435152e-14,2.082887562007892e-09,1.6200764230478063e-13,0.0071095110906269545,2.108986922327913e-07
1169,8.55569737694667e-14,2.076594671847629e-09,1.5984446173027293e-13,0.007106338725068717,2.1053983140157319e-07
1170,8.64201068976174e-14,2.070320340408852e-09,1.5770856941866488e-13,0.007103170467132943,2.1018188601715878e-07
1171,8.728732125400315e-14,2.064065090896667e-09,1.5559963361925296e-13,0.007100006308041702,2.0982485296782986e-07
1172,8.815860140455008e-14,2.057829438561677e-09,1.5351732655503168e-13,0.007096846239043194,2.0946872915508051e-07
1173,8.903393176745056e-14,2.0516138906202447e-09,1.5146132437492076e-13,0.007093690251411645,2.0911351149354964e-07
1174,8.991329661469558e-14,2.04541894617963e-09,1.4943130710657448e-13,0.007090538336447215,2.0875919691095441e-07
1175,9.079668007359896e-14,2.0392450961679386e-09,1.474269586097662e-13,0.007087390485475896,2.084057823480235e-07
1176,9.168406612831393e-14,2.0330928232688157e-09,1.454479665303407e-13,0.007084246689849412,2.0805326475843115e-07
1177,9.257543862134211e-14,2.0269626018608088e-09,1.4349402225472866e-13,0.007081106940945122,2.077016411087315e-07
1178,9.347078125503435e-14,2.0208548979613456e-09,1.415648208650143e-13,0.007077971230165925,2.0735090837829317e-07
1179,9.4370077593084e-14,2.0147701691752416e-09,1.39660061094551e-13,0.007074839548940159,2.0700106355923448e-07
1180,9.527331106201242e-14,2.0087088646476728e-09,1.3777944528411727e-13,0.007071711888721511,2.066521036563588e-07
1181,9.618046495264665e-14,2.0026714250215374e-09,1.3592267933860653e-13,0.007068588240988912,2.0630402568709053e-07
1182,9.709152242158947e-14,1.9966582823991292e-09,1.3408947268424465e-13,0.00706546859724645,2.059568266814112e-07
1183,9.80064664926814e-14,1.990669860308041e-09,1.3227953822632777e-13,0.00706235294902327,2.0561050368179611e-07
1184,9.892528005845547e-14,1.984706573671234e-09,1.3049259230747475e-13,0.0070592412878734785,2.0526505374315144e-07
1185,9.9847945881584e-14,1.978768828781176e-09,1.2872835466638757e-13,0.007056133605376053,2.0492047393275134e-07
1186,1.0077444659631733e-13,1.972857023277979e-09,1.2698654839711345e-13,0.0070530298931347464,2.0457676133017585e-07
1187,1.0170476470991559e-13,1.9669715461314516e-09,1.2526689990880239e-13,0.007049930142777993,2.0423391302724897e-07
1188,1.026388826040722e-13,1.961112777626976e-09,1.2356913888595422e-13,0.007046834345958815,2.0389192612797702e-07
1189,1.0357678253632999e-13,1.955281089355141e-09,1.2189299824914913e-13,0.007043742494354731,2.0355079774848744e-07
1190,1.0451844664148978e-13,1.949476844205041e-09,1.2023821411625518e-13,0.007040654579667666,2.0321052501696806e-07
1191,1.0546385693301083e-13,1.943700396361142e-09,1.1860452576410747e-13,0.007037570593623854,2.028711050736065e-07
1192,1.0641299530440433e-13,1.9379520913036556e-09,1.1699167559065323e-13,0.007034490527973754,2.0253253507053017e-07
1193,1.0736584353061896e-13,1.9322322658123184e-09,1.1539940907755635e-13,0.007031414374491953,2.0219481217174638e-07
1194,1.0832238326941888e-13,1.926541247973492e-09,1.138274747532564e-13,0.007028342124977078,2.0185793355308295e-07
1195,1.0928259606275435e-13,1.920879357190504e-09,1.1227562415647603e-13,0.007025273771251705,2.0152189640212912e-07
1196,1.1024646333812475e-13,1.915246904197143e-09,1.1074361180017189e-13,0.007022209305162273,2.0118669791817686e-07
1197,1.112139664099341e-13,1.909644191074215e-09,1.0923119513592245e-13,0.007019148718578988,2.0085233531216248e-07
1198,1.1218508648083901e-13,1.904071511269082e-09,1.0773813451874849e-13,0.007016092003395743,2.0051880580660852e-07
1199,1.1315980464308968e-13,1.8985291496181025e-09,1.0626419317236034e-13,0.007013039151530021,2.00186106635566e-07
1200,1.1413810187986268e-13,1.893017382371873e-09,1.048091371548267e-13,0.0070099901549228105,1.9985423504455715e-07
1201,1.1511995906658704e-13,1.8875364772231906e-09,1.0337273532465963e-13,0.007006945005538521,1.9952318829051832e-07
1202,1.1610535697226284e-13,1.8820866933376717e-09,1.0195475930731097e-13,0.007003903695364891,1.9919296364174324e-07
1203,1.170942762607722e-13,1.8766682813869036e-09,1.0055498346207494e-13,0.007000866216412905,1.9886355837782663e-07
1204,1.1808669749218298e-13,1.8712814835840836e-09,9.917318484939167e-14,0.0069978325607167,1.985349697896081e-07
1205,1.1908260112404598e-13,1.8659265337220448e-09,9.780914319854715e-14,0.006994802720333492,1.9820719517911654e-07
1206,1.200819675126836e-13,1.8606036572135783e-09,9.646264087576416e-14,0.006991776687343477,1.978802318595146e-07
1207,1.2108477691447245e-13,1.8553130711339812e-09,9.513346285268025e-14,0.006988754453849755,1.9755407715504357e-07
1208,1.2209100948711813e-13,1.850054984265756e-09,9.382139667520689e-14,0.006985736011978242,1.9722872840096869e-07
1209,1.2310064529092315e-13,1.8448295971453631e-09,9.252623243276564e-14,0.006982721353877584,1.9690418294352466e-07
1210,1.2411366429004733e-13,1.8396371021119554e-09,9.124776272789717e-14,0.0069797104717190745,1.9658043813986142e-07
1211,1.2513004635376218e-13,1.8344776833580142e-09,8.998578264623741e-14,0.006976703357696571,1.9625749135799044e-07
1212,1.261497712576966e-13,1.8293515169818248e-09,8.87400897268575e-14,0.006973700004026412,1.9593533997673108e-07
1213,1.2717281868507701e-13,1.8242587710416762e-09,8.75104839329619e-14,0.006970700402947332,1.956139813856574e-07
1214,1.2819916822795975e-13,1.8191996056117612e-09,8.629676762294154e-14,0.006967704546720382,1.9529341298504523e-07
1215,1.292287993884565e-13,1.814174172839652e-09,8.509874552177626e-14,0.006964712427628843,1.9497363218581965e-07
1216,1.302616915799535e-13,1.809182617005317e-09,8.391622469278344e-14,0.006961724037978149,1.9465463640950257e-07
1217,1.3129782412832282e-13,1.8042250745815738e-09,8.274901450970771e-14,0.006958739370095801,1.9433642308816075e-07
1218,1.3233717627312785e-13,1.7993016742959478e-09,8.159692662914796e-14,0.006955758416331289,1.940189896643542e-07
1219,1.3337972716882092e-13,1.7944125371938127e-09,8.04597749633174e-14,0.006952781169056012,1.9370233359108454e-07
1220,1.3442545588593526e-13,1.7895577767027936e-09,7.93373756531328e-14,0.006949807620663194,1.9338645233174403e-07
1221,1.354743414122693e-13,1.78473749869834e-09,7.8229547041628e-14,0.006946837763567806,1.9307134336006475e-07
1222,1.3652636265406463e-13,1.7799518015704057e-09,7.713610964768912e-14,0.006943871590206487,1.9275700416006802e-07
1223,1.375814984371775e-13,1.7752007762911748e-09,7.60568861401062e-14,0.006940909093037463,1.924434322260141e-07
1224,1.3863972750824322e-13,1.7704845064837633e-09,7.499170131193804e-14,0.006937950264540468,1.921306250623523e-07
1225,1.3970102853583428e-13,1.7658030684918453e-09,7.39403820551865e-14,0.006934995097216668,1.9181858018367122e-07
1226,1.4076538011161187e-13,1.761156531450131e-09,7.290275733577579e-14,0.0069320435835885826,1.9150729511464946e-07
1227,1.4183276075147069e-13,1.756544957355647e-09,7.187865816883371e-14,0.006929095716200002,1.9119676739000638e-07
1228,1.4290314889667743e-13,1.7519684011397525e-09,7.08679175942707e-14,0.006926151487615914,1.9088699455445333e-07
1229,1.4397652291500304e-13,1.7474269107408388e-09,6.987037065265337e-14,0.006923210890422426,1.9057797416264506e-07
1230,1.4505286110184813e-13,1.74292052717766e-09,6.888585436136867e-14,0.006920273917226688,1.9026970377913143e-07
1231,1.4613214168136208e-13,1.738449284623234e-09,6.791420769107497e-14,0.006917340560656817,1.8996218097830943e-07
1232,1.4721434280755602e-13,1.734013210479265e-09,6.695527154243696e-14,0.006914410813361818,1.896554033443754e-07
1233,1.482994425654094e-13,1.7296123254510435e-09,6.600888872314057e-14,0.00691148466801151,1.8934936847127753e-07
1234,1.4938741897197032e-13,1.7252466436227565e-09,6.507490392518473e-14,0.00690856211729645,1.8904407396266876e-07
1235,1.504782499774493e-13,1.7209161725331773e-09,6.415316370244593e-14,0.00690564315392786,1.887395174318597e-07
1236,1.515719134663076e-13,1.7166209132516877e-09,6.324351644851337e-14,0.0069027277706375486,1.8843569650177206e-07
1237,1.5266838725833845e-13,1.7123608604545632e-09,6.234581237479027e-14,0.006899815960177837,1.8813260880489215e-07
1238,1.5376764910974294e-13,1.7081360025015208e-09,6.145990348885874e-14,0.006896907715321489,1.8783025198322485e-07
1239,1.548696767141995e-13,1.7039463215124378e-09,6.058564357310463e-14,0.006894003028861633,1.8752862368824762e-07
1240,1.5597444770392702e-13,1.699791793444242e-09,5.972288816359956e-14,0.006891101893611687,1.8722772158086484e-07
1241,1.570819396507428e-13,1.695672388167912e-09,5.88714945292364e-14,0.006888204302405292,1.869275433313626e-07
1242,1.5819213006711357e-13,1.6915880695455503e-09,5.803132165111581e-14,0.0068853102480962314,1.8662808661936337e-07
1243,1.5930499640720126e-13,1.6875387955074998e-09,5.720223020218013e-14,0.006882419723558363,1.8632934913378133e-07
1244,1.6042051606790231e-13,1.6835245181294695e-09,5.638408252709191e-14,0.006879532721685548,1.8603132857277755e-07
1245,1.61538666389882e-13,1.6795451837096229e-09,5.557674262235421e-14,0.006876649235391573,1.8573402264371578e-07
1246,1.6265942465860158e-13,1.67560073284561e-09,5.478007611666925e-14,0.006873769257610085,1.8543742906311824e-07
1247,1.6378276810534114e-13,1.6716911005115126e-09,5.399395025153308e-14,0.006870892781294517,1.851415455566218e-07
1248,1.6490867390821557e-13,1.6678162161346564e-09,5.321823386206281e-14,0.006868019799418016,1.848463698589343e-07
1249,1.6603711919318533e-13,1.663976003672274e-09,5.2452797358054096e-14,0.006865150304973373,1.8455189971379122e-07
1250,1.6716808103506144e-13,1.6601703816880015e-09,5.169751270526557e-14,0.006862284290972956,1.8425813287391257e-07
1251,1.6830153645850461e-13,1.6563992634281572e-09,5.0952253406927844e-14,0.006859421750448635,1.8396506710095984e-07
1252,1.6943746243901937e-13,1.6526625568978008e-09,5.0216894485474155e-14,0.006856562676451714,1.8367270016549349e-07
1253,1.7057583590394184e-13,1.6489601649365371e-09,4.9491312464489855e-14,0.006853707062052863,1.833810298469304e-07
1254,1.7171663373342238e-13,1.6452919852940493e-09,4.877538535087847e-14,0.006850854900342048,1.8309005393350176e-07
1255,1.7285983276140288e-13,1.6416579107053351e-09,4.806899261724089e-14,0.006848006184428459,1.8279977022221116e-07
1256,1.740054097765884e-13,1.6380578289656266e-09,4.73720151844663e-14,0.006845160907440448,1.8251017651879274e-07
1257,1.7515334152341306e-13,1.634491623004983e-09,4.668433540453084e-14,0.006842319062525455,1.8222127063766978e-07
1258,1.76303604703001e-13,1.6309591709625303e-09,4.6005837043502854e-14,0.006839480642849941,1.8193305040191336e-07
1259,1.7745617597412207e-13,1.6274603462603328e-09,4.533640526475101e-14,0.006836645641599324,1.816455136432015e-07
1260,1.7861103195414146e-13,1.623995017676888e-09,4.4675926612353764e-14,0.006833814051977908,1.8135865820177813e-07
1261,1.7976814921996491e-13,1.6205630494202225e-09,4.402428899470705e-14,0.006830985867208815,1.8107248192641266e-07
1262,1.8092750430897807e-13,1.6171643012005788e-09,4.3381381668328226e-14,0.0068281610805339225,1.807869826743596e-07
1263,1.8208907371998092e-13,1.6137986283026887e-09,4.2747095221853366e-14,0.006825339685213795,1.8050215831131833e-07
1264,1.8325283391411686e-13,1.6104658816576075e-09,4.212132156022635e-14,0.006822521674527615,1.8021800671139338e-07
1265,1.8441876131579644e-13,1.6071659079141124e-09,4.150395388907657e-14,0.006819707041773121,1.7993452575705452e-07
1266,1.8558683231361685e-13,1.603898549509652e-09,4.089488669928357e-14,0.006816895780266539,1.7965171333909743e-07
1267,1.867570232612751e-13,1.600663644740834e-09,4.0294015751725866e-14,0.006814087883342519,1.7936956735660438e-07
1268,1.8792931047847703e-13,1.5974610278334546e-09,3.9701238062212167e-14,0.006811283344354071,1.790880857169052e-07
1269,1.8910367025184076e-13,1.5942905290120487e-09,3.911645188659245e-14,0.006808482156672497,1.788072663355385e-07
1270,1.9028007883579563e-13,1.5911519745689765e-09,3.8539556706046833e-14,0.006805684313687328,1.7852710713621297e-07
1271,1.9145851245347578e-13,1.5880451869330178e-09,3.797045321255008e-14,0.006802889808806259,1.7824760605076903e-07
1272,1.9263894729760922e-13,1.5849699847374878e-09,3.74090432945095e-14,0.006800098635455088,1.7796876101914067e-07
1273,1.938213595314013e-13,1.581926182887872e-09,3.6855230022574385e-14,0.006797310787077648,1.776905699893174e-07
1274,1.9500572528941406e-13,1.578913592628963e-09,3.6308917635614544e-14,0.006794526257135746,1.774130309173065e-07
1275,1.961920206784404e-13,1.575932021611511e-09,3.577001152686621e-14,0.006791745039109101,1.7713614176709544e-07
1276,1.9738022177837377e-13,1.5729812739583948e-09,3.5238418230243177e-14,0.006788967126495278,1.7685990051061459e-07
1277,1.985703046430723e-13,1.570061150330282e-09,3.471404540681096e-14,0.006786192512809628,1.7658430512769991e-07
1278,1.9976224530121927e-13,1.5671714479908256e-09,3.4196801831422416e-14,0.006783421191585225,1.7630935360605623e-07
1279,2.0095601975717763e-13,1.5643119608713487e-09,3.368659737951243e-14,0.006780653156372802,1.7603504394122026e-07
1280,2.021516039918413e-13,1.5614824796350632e-09,3.318334301405007e-14,0.006777888400740692,1.757613741365241e-07
1281,2.0334897396348082e-13,1.5586827917407955e-09,3.2686950772646107e-14,0.006775126918274765,1.7548834220305898e-07
1282,2.0454810560858443e-13,1.5559126815062413e-09,3.2197333754814147e-14,0.006772368702578367,1.75215946159639e-07
1283,2.0574897484269482e-13,1.553171930170736e-09,3.1714406109383295e-14,0.00676961374727226,1.749441840327652e-07
1284,2.069515575612416e-13,1.5504603159575593e-09,3.123808302206088e-14,0.006766862045994558,1.7467305385658978e-07
1285,2.081558296403687e-13,1.5477776141357797e-09,3.0768280703143057e-14,0.006764113592400671,1.7440255367288061e-07
1286,2.0936176693775725e-13,1.5451235970816268e-09,3.030491637537167e-14,0.006761368380163239,1.7413268153098573e-07
1287,2.1056934529344466e-13,1.5424980343394204e-09,2.9847908261935696e-14,0.006758626402972079,1.7386343548779824e-07
1288,2.1177854053063885e-13,1.539900692682046e-09,2.939717557461539e-14,0.006755887654534121,1.7359481360772126e-07
1289,2.1298932845652752e-13,1.537331336170988e-09,2.8952638502067195e-14,0.006753152128573347,1.7332681396263313e-07
1290,2.1420168486308427e-13,1.5347897262159327e-09,2.851421819824828e-14,0.006750419818830737,1.7305943463185283e-07
1291,2.1541558552786918e-13,1.5322756216339449e-09,2.8081836770978482e-14,0.0067476907190642055,1.727926737021055e-07
1292,2.16631006214826e-13,1.5297887787082128e-09,2.7655417270638295e-14,0.006744964823048543,1.7252652926748822e-07
1293,2.1784792267507393e-13,1.5273289512464026e-09,2.7234883679001055e-14,0.006742242124575362,1.7226099942943592e-07
1294,2.190663106476966e-13,1.5248958906385936e-09,2.6820160898197944e-14,0.006739522617453032,1.7199608229668748e-07
1295,2.2028614586052542e-13,1.5224893459148263e-09,2.6411174739813972e-14,0.006736806295506627,1.7173177598525215e-07
1296,2.215074040309196e-13,1.5201090638022643e-09,2.6007851914113466e-14,0.006734093152577864,1.714680786183759e-07
1297,2.227300608665416e-13,1.5177547887819797e-09,2.561012001939357e-14,0.006731383182525052,1.7120498832650819e-07
1298,2.2395409206612857e-13,1.515426263145373e-09,2.5217907531464052e-14,0.006728676379223025,1.7094250324726868e-07
1299,2.2517947332025935e-13,1.5131232270502309e-09,2.483114379325198e-14,0.00672597273656309,1.706806215254144e-07
1300,2.2640618031211762e-13,1.5108454185764419e-09,2.444975900452986e-14,0.006723272248452975,1.7041934131280686e-07
1301,2.276341887182514e-13,1.5085925737813707e-09,2.4073684211765477e-14,0.006720574908816763,1.7015866076837945e-07
1302,2.2886347420932725e-13,1.5063644267549052e-09,2.3702851298092412e-14,0.006717880711594844,1.6989857805810496e-07
1303,2.3009401245088173e-13,1.5041607096741857e-09,2.333719297339911e-14,0.006715189650743851,1.6963909135496336e-07
1304,2.3132577910406824e-13,1.501981152858024e-09,2.297664276453589e-14,0.006712501720236613,1.6938019883890964e-07
1305,2.3255874982639906e-13,1.4998254848210248e-09,2.262113500563775e-14,0.00670981691406209,1.691218986968419e-07
1306,2.3379290027248646e-13,1.4976934323274228e-09,2.2270604828562114e-14,0.006707135226225329,1.6886418912256958e-07
1307,2.350282060947751e-13,1.4955847204446322e-09,2.1924988153439685e-14,0.006704456650747397,1.6860706831678186e-07
1308,2.3626464294427514e-13,1.4934990725965438e-09,2.1584221679337406e-14,0.006701781181665333,1.6835053448701628e-07
1309,2.375021864712882e-13,1.4914362106165443e-09,2.1248242875032037e-14,0.0066991088130320935,1.680945858476274e-07
1310,2.3874081232613113e-13,1.4893958548003067e-09,2.091698996989297e-14,0.006696439538916493,1.678392206197558e-07
1311,2.3998049615985565e-13,1.487377723958331e-09,2.0590401944873e-14,0.0066937733534031575,1.6758443703129707e-07
1312,2.412212136249634e-13,1.485381535468261e-09,2.0268418523605807e-14,0.006691110250592463,1.6733023331687114e-07
1313,2.4246294037611884e-13,1.4834070053269849e-09,1.9950980163608827e-14,0.006688450224600484,1.6707660771779153e-07
1314,2.4370565207085594e-13,1.4814538482025221e-09,1.9638028047590243e-14,0.006685793269558945,1.6682355848203512e-07
1315,2.449493243702839e-13,1.479521777485717e-09,1.932950407485889e-14,0.006683139379615159,1.665710838642117e-07
1316,2.461939329397866e-13,1.4776105053417386e-09,1.9025350852835656e-14,0.00668048854893198,1.6631918212553393e-07
1317,2.474394534497202e-13,1.4757197427614062e-09,1.8725511688665567e-14,0.006677840771687749,1.6606785153378737e-07
1318,2.4868586157610515e-13,1.4738491996123379e-09,1.842993058092881e-14,0.006675196042076241,1.658170903633007e-07
1319,2.49933133001317e-13,1.4719985846899378e-09,1.813855221144995e-14,0.006672554354306612,1.6556689689491607e-07
1320,2.5118124341477194e-13,1.4701676057682373e-09,1.78513219372039e-14,0.0066699157026033455,1.6531726941595966e-07
1321,2.5243016851360846e-13,1.4683559696505844e-09,1.756818578231768e-14,0.006667280081206205,1.6506820622021222e-07
1322,2.5367988400336565e-13,1.4665633822201947e-09,1.728909043016665e-14,0.0066646474843701795,1.6481970560788003e-07
1323,2.5493036559865903e-13,1.4647895484905854e-09,1.7013983215564132e-14,0.006662017906365429,1.6457176588556587e-07
1324,2.5618158902385155e-13,1.4630341726558725e-09,1.674281211704339e-14,0.006659391341477238,1.6432438536624008e-07
1325,2.574335300137217e-13,1.4612969581409742e-09,1.6475525749230673e-14,0.006656767784005962,1.640775623692119e-07
1326,2.5868616431412683e-13,1.4595776076516888e-09,1.6212073355308515e-14,0.0066541472282669765,1.638312952201009e-07
1327,2.599394676826655e-13,1.457875823224692e-09,1.5952404799567913e-14,0.006651529668590628,1.6358558225080853e-07
1328,2.611934158893333e-13,1.4561913062774268e-09,1.5696470560048493e-14,0.006648915099322181,1.633404217994899e-07
1329,2.624479847171775e-13,1.4545237576579188e-09,1.544422172126557e-14,0.006646303514821768,1.630958122105257e-07
1330,2.637031499629473e-13,1.4528728776945105e-09,1.519560996702309e-14,0.006643694909464341,1.628517518344941e-07
1331,2.649588874377402e-13,1.4512383662455145e-09,1.495058757331132e-14,0.006641089277639622,1.6260823902814314e-07
1332,2.6621517296764595e-13,1.449619922748804e-09,1.4709107401288466e-14,0.006638486613752051,1.6236527215436277e-07
1333,2.674719823943864e-13,1.4480172462713424e-09,1.4471122890344974e-14,0.006635886912220737,1.6212284958215755e-07
1334,2.6872929157595206e-13,1.446430035558652e-09,1.423658805124978e-14,0.006633290167479411,1.618809696866192e-07
1335,2.6998707638723537e-13,1.4448579890842228e-09,1.4005457459377313e-14,0.006630696373976373,1.6163963084889935e-07
1336,2.712453127206612e-13,1.4433008050988803e-09,1.3777686248014373e-14,0.006628105526174446,1.6139883145618235e-07
1337,2.7250397648681285e-13,1.441758181680104e-09,1.3553230101746016e-14,0.006625517618550929,1.6115856990165844e-07
1338,2.737630436150553e-13,1.4402298167812975e-09,1.3332045249919327e-14,0.006622932645597545,1.609188445844969e-07
1339,2.7502249005415505e-13,1.4387154082810227e-09,1.3114088460184306e-14,0.006620350601820392,1.606796539098193e-07
1340,2.7628229177289725e-13,1.437214654032197e-09,1.2899317032110849e-14,0.006617771481739897,1.6044099628867308e-07
1341,2.775424247606985e-13,1.4357272519112506e-09,1.2687688790880978e-14,0.00661519527989077,1.6020287013800493e-07
1342,2.788028650282173e-13,1.4342528998672557e-09,1.2479162081055394e-14,0.006612621990821954,1.599652738806348e-07
1343,2.8006358860796084e-13,1.432791295971011e-09,1.2273695760413423e-14,0.006610051609096576,1.5972820594522954e-07
1344,2.813245715548883e-13,1.4313421384641117e-09,1.2071249193865613e-14,0.006607484129291901,1.594916647662771e-07
1345,2.825857899470114e-13,1.4299051258079697e-09,1.187178224743796e-14,0.006604919545999289,1.5925564878406047e-07
1346,2.838472198859917e-13,1.4284799567328126e-09,1.1675255282326981e-14,0.006602357853824139,1.5902015644463204e-07
1347,2.8510883749773487e-13,1.4270663302866515e-09,1.1481629149024842e-14,0.006599799047385851,1.587851861997881e-07
1348,2.863706189329805e-13,1.4256639458842082e-09,1.1290865181513604e-14,0.006597243121317777,1.5855073650704324e-07
1349,2.87632540367891e-13,1.4242725033558141e-09,1.1102925191527831e-14,0.006594690070267171,1.5831680582960515e-07
1350,2.88894578004635e-13,1.4228917029962754e-09,1.0917771462884713e-14,0.006592139888895145,1.5808339263634922e-07
1351,2.901567080719691e-13,1.421521245613693e-09,1.0735366745880948e-14,0.006589592571876627,1.5785049540179367e-07
1352,2.9141890682581637e-13,1.4201608325782469e-09,1.0555674251755533e-14,0.0065870481139003074,1.5761811260607458e-07
1353,2.9268115054984133e-13,1.4188101658709387e-09,1.0378657647217709e-14,0.006584506509668601,1.57386242734921e-07
1354,2.939434155560215e-13,1.4174689481322842e-09,1.0204281049039266e-14,0.006581967753897597,1.5715488427963028e-07
1355,2.952056781852168e-13,1.416136882710956e-09,1.0032509018710484e-14,0.006579431841317015,1.5692403573704358e-07
1356,2.9646791480773556e-13,1.414813673712377e-09,9.863306557158925e-15,0.006576898766670161,1.5669369560952138e-07
1357,2.977301018238967e-13,1.413499026047248e-09,9.696639099530287e-15,0.006574368524713879,1.5646386240491922e-07
1358,2.989922156645902e-13,1.4121926454800104e-09,9.532472510030694e-15,0.0065718411102185115,1.562345346365635e-07
1359,3.002542327918329e-13,1.4108942386772484e-09,9.370773076829557e-15,0.00656931651796785,1.5600571082322739e-07
1360,3.015161296993233e-13,1.4096035132560096e-09,9.211507507022414e-15,0.0065667947427590955,1.5577738948910693e-07
1361,3.0277788291299107e-13,1.4083201778320447e-09,9.054642921652937e-15,0.0065642757794028075,1.555495691637973e-07
1362,3.0403946899154556e-13,1.4070439420679566e-09,8.900146850793456e-15,0.006561759622722868,1.5532224838226895e-07
1363,3.0530086452702004e-13,1.4057745167212631e-09,8.747987228683314e-15,0.006559246267556433,1.5509542568484417e-07
1364,3.065620461453137e-13,1.4045116136923476e-09,8.59813238892431e-15,0.006556735708753889,1.5486909961717364e-07
1365,3.078229905067303e-13,1.403254946072309e-09,8.450551059732622e-15,0.006554227941178811,1.5464326873021306e-07
1366,3.09083674306513e-13,1.4020042281906795e-09,8.305212359246487e-15,0.006551722959707918,1.5441793158019995e-07
1367,3.103440742753786e-13,1.4007591756630285e-09,8.16208579088901e-15,0.00654922075923103,1.5419308672863058e-07
1368,3.1160416718004693e-13,1.3995195054384313e-09,8.021141238785443e-15,0.0065467213346510275,1.53968732742237e-07
1369,3.128639298237674e-13,1.3982849358467792e-09,7.882348963234267e-15,0.006544224680883805,1.537448681929641e-07
1370,3.14123339046843e-13,1.3970551866459505e-09,7.74567959623146e-15,0.00654173079285823,1.5352149165794708e-07
1371,3.153823717271517e-13,1.3958299790688083e-09,7.611104137047335e-15,0.006539239665516103,1.5329860171948862e-07
1372,3.166410047806647e-13,1.394609035870025e-09,7.478593947855274e-15,0.006536751293812109,1.530761969650364e-07
1373,3.178992151619615e-13,1.3933920813727249e-09,7.348120749411788e-15,0.006534265672713781,1.5285427598716083e-07
1374,3.191569798647421e-13,1.392178841514923e-09,7.219656616787328e-15,0.006531782797201459,1.5263283738353266e-07
1375,3.204142759223372e-13,1.3909690438957722e-09,7.093173975147121e-15,0.006529302662268243,1.5241187975690087e-07
1376,3.2167108040821423e-13,1.389762417821571e-09,6.968645595581603e-15,0.006526825262919953,1.5219140171507058e-07
1377,3.2292737043648214e-13,1.3885586943515556e-09,6.846044590985713e-15,0.006524350594175091,1.5197140187088114e-07
1378,3.2418312316239073e-13,1.3873576063434445e-09,6.725344411986594e-15,0.006521878651064797,1.5175187884218424e-07
1379,3.2543831578283056e-13,1.3861588884987291e-09,6.606518842919029e-15,0.006519409428632806,1.515328312518223e-07
1380,3.266929255368266e-13,1.3849622774076982e-09,6.4895419978481205e-15,0.006516942921935413,1.5131425772760673e-07
1381,3.2794692970603187e-13,1.3837675115941755e-09,6.374388316638615e-15,0.0065144791260414265,1.5109615690229653e-07
1382,3.292003056152168e-13,1.3825743315599724e-09,6.2610325610703235e-15,0.00651201803603213,1.508785274135768e-07
1383,3.304530306327559e-13,1.3813824798290333e-09,6.149449810999127e-15,0.0065095596470012415,1.5066136790403753e-07
1384,3.3170508217111206e-13,1.380191700991253e-09,6.0396154605629865e-15,0.0065071039540548735,1.5044467702115247e-07
1385,3.329564376873169e-13,1.3790017417459673e-09,5.931505214432445e-15,0.006504650952311492,1.5022845341725787e-07
1386,3.3420707468345067e-13,1.3778123509451003e-09,5.825095084105099e-15,0.006502200636901878,1.5001269574953174e-07
1387,3.35456970707117e-13,1.3766232796359368e-09,5.720361384243524e-15,0.006499753002969087,1.4979740267997283e-07
1388,3.367061033519161e-13,1.3754342811035347e-09,5.6172807290561274e-15,0.0064973080456684085,1.4958257287537994e-07
1389,3.379544502579145e-13,1.374245110912734e-09,5.515830028720426e-15,0.006494865760167326,1.4936820500733125e-07
1390,3.392019891121128e-13,1.3730555269497743e-09,5.4159864858482705e-15,0.00649242614164548,1.4915429775216378e-07
1391,3.4044869764891004e-13,1.3718652894634768e-09,5.317727591992476e-15,0.006489989185294629,1.4894084979095295e-07
1392,3.4169455365056603e-13,1.3706741611060134e-09,5.221031124194426e-15,0.006487554886318607,1.487278598094922e-07
1393,3.4293953494765964e-13,1.3694819069732119e-09,5.125875141572114e-15,0.0064851232399332865,1.4851532649827282e-07
1394,3.4418361941954623e-13,1.3682882946444006e-09,5.0322379819481996e-15,0.006482694241366542,1.4830324855246371e-07
1395,3.4542678499481024e-13,1.3670930942217863e-09,4.940098258517551e-15,0.006480267885858208,1.480916246718915e-07
1396,3.466690096517169e-13,1.3658960783693186e-09,4.849434856553853e-15,0.006477844168660041,1.4788045356102044e-07
1397,3.479102714186608e-13,1.3646970223510686e-09,4.76022693015481e-15,0.0064754230850356835,1.4766973392893265e-07
1398,3.491505483746095e-13,1.3634957040690735e-09,4.672453899025482e-15,0.006473004630260625,1.4745946448930837e-07
1399,3.503898186495488e-13,1.3622919041006427e-09,4.5860954452992845e-15,0.006470588799622163,1.4724964396040632e-07
1400,3.516280604249207e-13,1.3610854057351156e-09,4.5011315103962704e-15,0.006468175588419366,1.4704027106504414e-07
1401,3.5286525193406225e-13,1.3598759950100487e-09,4.417542291918191e-15,0.006465764991963034,1.4683134453057893e-07
1402,3.5410137146263987e-13,1.3586634607468199e-09,4.335308240579934e-15,0.006463357005575664,1.4662286308888796e-07
1403,3.553363973490807e-13,1.3574475945856431e-09,4.2544100571769165e-15,0.006460951624591412,1.4641482547634934e-07
1404,3.565703079850028e-13,1.356228191019959e-09,4.174828689587998e-15,0.006458548844356053,1.4620723043382295e-07
1405,3.578030818156416e-13,1.3550050474302089e-09,4.096545329813475e-15,0.006456148660226945,1.4600007670663128e-07
1406,3.590346973402731e-13,1.353777964116961e-09,4.01954141104781e-15,0.006453751067572997,1.457933630445405e-07
1407,3.6026513311263626e-13,1.3525467443333848e-09,3.943798604786604e-15,0.006451356061774624,1.4558708820174164e-07
1408,3.614943677413516e-13,1.3513111943170574e-09,3.869298817967477e-15,0.006448963638223715,1.4538125093683176e-07
1409,3.627223798903363e-13,1.3500711233210755e-09,3.796024190144424e-15,0.006446573792323597,1.4517585001279524e-07
1410,3.6394914827921794e-13,1.3488263436444809e-09,3.72395709069526e-15,0.006444186519488998,1.4497088419698525e-07
1411,3.651746516837457e-13,1.3475766706619675e-09,3.6530801160617695e-15,0.00644180181514601,1.4476635226110513e-07
1412,3.6639886893619767e-13,1.3463219228528643e-09,3.583376087022175e-15,0.006439419674732051,1.445622529811901e-07
1413,3.676217789257862e-13,1.3450619218293792e-09,3.5148280459955424e-15,0.006437040093695831,1.4435858513758894e-07
1414,3.688433605990621e-13,1.3437964923640885e-09,3.447419254377753e-15,0.006434663067497321,1.441553475149456e-07
1415,3.700635929603124e-13,1.3425254624166619e-09,3.3811331899086704e-15,0.0064322885916077085,1.4395253890218126e-07
1416,3.712824550719593e-13,1.3412486631598125e-09,3.3159535440701293e-15,0.006429916661509366,1.437501580924761e-07
1417,3.7249992605495536e-13,1.3399659290044482e-09,3.2518642195143985e-15,0.006427547272695817,1.4354820388325155e-07
1418,3.737159850891748e-13,1.3386770976240284e-09,3.1888493275227546e-15,0.0064251804206717006,1.4334667507615218e-07
1419,3.749306114138033e-13,1.3373820099780975e-09,3.1268931854938025e-15,0.006422816100952733,1.4314557047702808e-07
1420,3.7614378432772516e-13,1.3360805103349974e-09,3.0659803144612085e-15,0.006420454309065675,1.4294488889591705e-07
1421,3.773554831899081e-13,1.3347724462937413e-09,3.0060954366405085e-15,0.006418095040548299,1.4274462914702713e-07
1422,3.7856568741978403e-13,1.3334576688050303e-09,2.9472234730046146e-15,0.006415738290949349,1.4254479004871886e-07
1423,3.7977437649762873e-13,1.3321360321914242e-09,2.889349540887729e-15,0.006413384055828511,1.4234537042348809e-07
1424,3.8098152996493855e-13,1.3308073941666256e-09,2.8324589516173034e-15,0.006411032330756377,1.4214636909794837e-07
1425,3.82187127424804e-13,1.3294716158538955e-09,2.776537208173725e-15,0.006408683111314408,1.419477849028139e-07
1426,3.833911485422819e-13,1.3281285618035714e-09,2.721570002877406e-15,0.006406336393094905,1.4174961667288228e-07
1427,3.8459357304476235e-13,1.326778100009689e-09,2.6675432151029457e-15,0.00640399217170097,1.4155186324701723e-07
1428,3.8579438072233654e-13,1.3254201019256955e-09,2.614442909020063e-15,0.006401650442746475,1.4135452346813187e-07
1429,3.8699355142815927e-13,1.3240544424792407e-09,2.562255331360975e-15,0.006399311201856027,1.4115759618317158e-07
1430,3.881910650788115e-13,1.3226810000860536e-09,2.5109669092139266e-15,0.006396974444664935,1.409610802430972e-07
1431,3.893869016546563e-13,1.3212996566628673e-09,2.4605642478425296e-15,0.006394640166819175,1.4076497450286823e-07
1432,3.9058104120019626e-13,1.3199102976394246e-09,2.4110341285306694e-15,0.006392308363975359,1.4056927782142629e-07
1433,3.917734638244263e-13,1.3185128119695184e-09,2.3623635064526185e-15,0.006389979031800699,1.4037398906167824e-07
1434,3.929641497011846e-13,1.3171070921410917e-09,2.3145395085680995e-15,0.006387652165972977,1.4017910709047995e-07
1435,3.941530790695e-13,1.3156930341853632e-09,2.267549431541995e-15,0.006385327762180509,1.399846307786196e-07
1436,3.953402322339378e-13,1.3142705376850045e-09,2.2213807396884233e-15,0.006383005816122113,1.3979055900080153e-07
1437,3.9652558956494286e-13,1.3128395057813361e-09,2.176021062938876e-15,0.006380686323507077,1.3959689063562978e-07
1438,3.9770913149917885e-13,1.3113998451805422e-09,2.131458194834164e-15,0.006378369280055126,1.3940362456559196e-07
1439,3.9889083853986696e-13,1.3099514661589202e-09,2.087680090539866e-15,0.006376054681496388,1.3921075967704314e-07
1440,4.000706912571213e-13,1.3084942825671407e-09,2.0446748648850283e-15,0.006373742523571363,1.3901829486018971e-07
1441,4.0124867028828106e-13,1.3070282118335148e-09,2.002430790423835e-15,0.006371432802030893,1.3882622900907353e-07
1442,4.024247563382398e-13,1.3055531749662826e-09,1.9609362955199695e-15,0.006369125512636124,1.3863456102155595e-07
1443,4.035989301797743e-13,1.304069096554902e-09,1.920179962453424e-15,0.00636682065115848,1.3844328979930199e-07
1444,4.0477117265386837e-13,1.3025759047703516e-09,1.8801505255494766e-15,0.006364518213379626,1.382524142477646e-07
1445,4.0594146467003586e-13,1.3010735313644298e-09,1.8408368693295936e-15,0.00636221819509144,1.380619332761691e-07
1446,4.071097872066406e-13,1.2995619116680701e-09,1.80222802668398e-15,0.00635992059209598,1.3787184579749737e-07
1447,4.082761213112116e-13,1.2980409845886482e-09,1.76431317706555e-15,0.0063576254002054525,1.3768215072847257e-07
1448,4.0944044810076083e-13,1.2965106926063045e-09,1.7270816447050447e-15,0.006355332615242181,1.374928469895435e-07
1449,4.1060274876209317e-13,1.2949709817692698e-09,1.690522896847073e-15,0.0063530422330385725,1.373039335048694e-07
1450,4.117630045521159e-13,1.293421801688188e-09,1.6546265420068062e-15,0.006350754249437091,1.3711540920230447e-07
1451,4.129211967981483e-13,1.2918631055294649e-09,1.6193823282471176e-15,0.006348468660290222,1.3692727301338289e-07
1452,4.1407730689822213e-13,1.290294850007609e-09,1.5847801414758906e-15,0.006346185461460444,1.367395238733034e-07
1453,4.15231316321386e-13,1.2887169953766015e-09,1.550810003763296e-15,0.006343904648820197,1.3655216072091447e-07
1454,4.163832066080048e-13,1.2871295054202725e-09,1.5174620716787818e-15,0.006341626218251852,1.3636518249869913e-07
1455,4.1753295937005583e-13,1.2855323474417083e-09,1.4847266346475578e-15,0.006339350165647679,1.3617858815276012e-07
1456,4.1868055629142285e-13,1.2839254922516672e-09,1.452594113326337e-15,0.0063370764869098185,1.35992376632805e-07
1457,4.1982597912818837e-13,1.2823089141560453e-09,1.421055057998134e-15,0.00633480517795025,1.3580654689213143e-07
1458,4.2096920970892224e-13,1.2806825909423609e-09,1.390100146985858e-15,0.0063325362346907605,1.356210978876123e-07
1459,4.2211022993496845e-13,1.2790465038652903e-09,1.3597201850845236e-15,0.0063302696530629175,1.3543602857968128e-07
1460,4.232490217807298e-13,1.2774006376312441e-09,1.329906102011834e-15,0.006328005429008037,1.3525133793231805e-07
1461,4.2438556729394855e-13,1.2757449803820024e-09,1.3006489508769385e-15,0.006325743558477153,1.3506702491303395e-07
1462,4.2551984859598607e-13,1.274079523677408e-09,1.2719399066671393e-15,0.00632348403743099,1.3488308849285748e-07
1463,4.266518478820988e-13,1.2724042624771289e-09,1.2437702647523533e-15,0.006321226861839928,1.346995276463199e-07
1464,4.277815474217126e-13,1.270719195121503e-09,1.2161314394071135e-15,0.006318972027683981,1.3451634135144096e-07
1465,4.289089295586938e-13,1.269024323311461e-09,1.1890149623499031e-15,0.00631671953095276,1.3433352858971469e-07
1466,4.3003397671161875e-13,1.2673196520875483e-09,1.1624124812996338e-15,0.0063144693676454484,1.3415108834609517e-07
1467,4.3115667137403824e-13,1.2656051898080544e-09,1.1363157585490504e-15,0.0063122215337707704,1.3396901960898256e-07
1468,4.3227699611474376e-13,1.263880948126253e-09,1.1107166695548845e-15,0.006309976025346961,1.3378732137020886e-07
1469,4.3339493357802693e-13,1.2621469419667686e-09,1.0856072015445447e-15,0.0063077328384017394,1.3360599262502417e-07
1470,4.345104664839393e-13,1.2604031895010803e-09,1.0609794521391654e-15,0.006305491968972282,1.3342503237208262e-07
1471,4.3562357762854776e-13,1.2586497121221709e-09,1.0368256279928132e-15,0.0063032534131051855,1.332444396134287e-07
1472,4.367342498841881e-13,1.2568865344183429e-09,1.0131380434476707e-15,0.006301017166856446,1.330642133544833e-07
1473,4.378424661997176e-13,1.2551136841461955e-09,9.899091192050072e-16,0.006298783226291429,1.328843526040302e-07
1474,4.389482096007619e-13,1.2533311922027908e-09,9.671313810117569e-16,0.006296551587484836,1.327048563742023e-07
1475,4.4005146318996144e-13,1.2515390925970227e-09,9.447974583625152e-16,0.006294322246520682,1.3252572368046808e-07
1476,4.411522101472157e-13,1.2497374224201898e-09,9.22900083216791e-16,0.006292095199492265,1.3234695354161812e-07
1477,4.42250433729923e-13,1.2479262218157915e-09,9.014320887313144e-16,0.006289870442502136,1.321685449797517e-07
1478,4.43346117273221e-13,1.2461055339485705e-09,8.803864080072416e-16,0.006287647971662073,1.3199049702026326e-07
1479,4.444392441902202e-13,1.2442754049728007e-09,8.597560728520814e-16,0.006285427783093054,1.3181280869182928e-07
1480,4.455297979722394e-13,1.2424358839998502e-09,8.395342125561717e-16,0.006283209872925225,1.3163547902639486e-07
1481,4.466177621890347e-13,1.24058702306502e-09,8.197140526835287e-16,0.006280994237297876,1.3145850705916067e-07
1482,4.4770312048902994e-13,1.2387288770936884e-09,8.002889138769158e-16,0.0062787808723594124,1.3128189182856967e-07
1483,4.487858565995412e-13,1.2368615038667636e-09,7.812522106769569e-16,0.006276569774267327,1.3110563237629412e-07
1484,4.4986595432700073e-13,1.234984963985473e-09,7.625974503551361e-16,0.006274360939188176,1.3092972774722267e-07
1485,4.509433975571769e-13,1.2330993208354947e-09,7.443182317605187e-16,0.00627215436329754,1.3075417698944723e-07
1486,4.520181702553938e-13,1.2312046405504515e-09,7.264082441800387e-16,0.006269950042780012,1.305789791542502e-07
1487,4.5309025646674625e-13,1.2293009919747944e-09,7.08861266212193e-16,0.006267747973829161,1.304041332960916e-07
1488,4.541596403163125e-13,1.2273884466260702e-09,6.916711646539855e-16,0.006265548152647506,1.3022963847259635e-07
1489,4.552263060093669e-13,1.2254670786566175e-09,6.748318934009711e-16,0.0062633505754464925,1.300554937445415e-07
1490,4.562902378315858e-13,1.2235369648146852e-09,6.583374923602432e-16,0.006261155238446461,1.2988169817584368e-07
1491,4.57351420149255e-13,1.2215981844050082e-09,6.421820863762177e-16,0.006258962137876625,1.2970825083354638e-07
1492,4.584098374094723e-13,1.2196508192488455e-09,6.263598841690638e-16,0.006256771269975039,1.2953515078780755e-07
1493,4.594654741403474e-13,1.2176949536435117e-09,6.108651772856356e-16,0.006254582630988576,1.2936239711188707e-07
1494,4.60518314951202e-13,1.2157306743214099e-09,5.956923390627591e-16,0.0062523962171729015,1.2918998888213435e-07
1495,4.615683445327641e-13,1.2137580704085878e-09,5.808358236027316e-16,0.006250212024792441,1.2901792517797599e-07
1496,4.62615547657361e-13,1.2117772333828393e-09,5.662901647608908e-16,0.006248030050120363,1.2884620508190342e-07
1497,4.636599091791104e-13,1.2097882570313635e-09,5.520499751451153e-16,0.006245850289438543,1.2867482767946078e-07
1498,4.647014140341092e-13,1.2077912374080064e-09,5.381099451271176e-16,0.006243672739037546,1.2850379205923263e-07
1499,4.65740047240618e-13,1.205786272790103e-09,5.244648418653929e-16,0.006241497395216595,1.2833309731283187e-07
1500,4.667757938992447e-13,1.203773463634932e-09,5.111095083396865e-16,0.0062393242542835466,1.2816274253488767e-07
1501,4.678086391931252e-13,1.2017529125358163e-09,4.980388623968522e-16,0.006237153312554866,1.2799272682303347e-07
1502,4.688385683881013e-13,1.1997247241778752e-09,4.85247895807962e-16,0.006234984566355602,1.2782304927789506e-07
1503,4.698655668328962e-13,1.1976890052934517e-09,4.727316733365424e-16,0.006232818012019357,1.276537090030785e-07
1504,4.708896199592888e-13,1.1956458646172395e-09,4.604853318178062e-16,0.006230653645888266,1.2748470510515855e-07
1505,4.719107132822823e-13,1.1935954128411244e-09,4.485040792487519e-16,0.00622849146431297,1.2731603669366667e-07
1506,4.729288324002743e-13,1.191537762568758e-09,4.367831938890077e-16,0.006226331463652591,1.2714770288107936e-07
1507,4.739439629952206e-13,1.189473028269887e-09,4.253180233722897e-16,0.006224173640274703,1.2697970278280643e-07
1508,4.749560908328003e-13,1.1874013262344553e-09,4.141039838283606e-16,0.006222017990555314,1.2681203551717948e-07
1509,4.759652017625745e-13,1.185322774526499e-09,4.0313655901535655e-16,0.0062198645108788335,1.2664470020544022e-07
1510,4.769712817181456e-13,1.1832374929378528e-09,3.924112994623699e-16,0.0062177131976380515,1.26477695971729e-07
1511,4.779743167173127e-13,1.1811456029416913e-09,3.8192382162216727e-16,0.006215564047234115,1.263110219430733e-07
1512,4.789742928622248e-13,1.1790472276459156e-09,3.7166980703392196e-16,0.006213417056076497,1.261446772493764e-07
1513,4.799711963395307e-13,1.1769424917464153e-09,3.616450014958519e-16,0.006211272220582981,1.2597866102340588e-07
1514,4.809650134205288e-13,1.174831521480217e-09,3.518452142476393e-16,0.006209129537179627,1.258129724007825e-07
1515,4.819557304613105e-13,1.172714444578537e-09,3.4226631716252793e-16,0.006206989002300755,1.2564761051996875e-07
1516,4.829433339029057e-13,1.1705913902197707e-09,3.3290424394897766e-16,0.006204850612388912,1.254825745222578e-07
1517,4.839278102714214e-13,1.1684624889824157e-09,3.237549893617733e-16,0.006202714363894856,1.2531786355176225e-07
1518,4.849091461781823e-13,1.16632787279797e-09,3.148146084224722e-16,0.006200580253277527,1.2515347675540303e-07
1519,4.858873283198644e-13,1.164187674903806e-09,3.060792156490849e-16,0.006198448277004025,1.2498941328289841e-07
1520,4.86862343478629e-13,1.1620420297960503e-09,2.975449842948841e-16,0.0061963184315495835,1.2482567228675296e-07
1521,4.878341785222534e-13,1.1598910731824788e-09,2.892081455962311e-16,0.006194190713397547,1.2466225292224656e-07
1522,4.888028204042603e-13,1.1577349419354512e-09,2.810649880293207e-16,0.006192065119039348,1.244991543474236e-07
1523,4.897682561640415e-13,1.1555737740449027e-09,2.7311185657573825e-16,0.006189941644974481,1.2433637572308206e-07
1524,4.90730472926983e-13,1.1534077085714045e-09,2.65345151996727e-16,0.0061878202877104806,1.2417391621276268e-07
1525,4.916894579045851e-13,1.1512368855993169e-09,2.57761330116066e-16,0.006185701043762896,1.2401177498273833e-07
1526,4.926451983945812e-13,1.1490614461900518e-09,2.5035690111145897e-16,0.006183583909655271,1.2384995120200314e-07
1527,4.935976817810533e-13,1.1468815323354556e-09,2.4312842881433393e-16,0.006181468881919113,1.2368844404226198e-07
1528,4.94546895534546e-13,1.1446972869113367e-09,2.360725300179591e-16,0.006179355957093882,1.2352725267791983e-07
1529,4.95492827212177e-13,1.142508853631148e-09,2.2918587379377546e-16,0.006177245131726952,1.2336637628607115e-07
1530,4.964354644577459e-13,1.1403163769998505e-09,2.224651808158539e-16,0.006175136402373601,1.2320581404648944e-07
1531,4.973747950018407e-13,1.1381200022679553e-09,2.1590722269338062e-16,0.00617302976559698,1.230455651416168e-07
1532,4.983108066619397e-13,1.1359198753857812e-09,2.0950882131108014e-16,0.006170925217968094,1.2288562875655342e-07
1533,4.992434873425157e-13,1.1337161429579318e-09,2.0326684817748183e-16,0.006168822756065776,1.2272600407904736e-07
1534,5.001728250351312e-13,1.1315089521980052e-09,1.9717822378094066e-16,0.006166722376476665,1.2256669029948406e-07
1535,5.010988078185385e-13,1.1292984508835622e-09,1.912399169533219e-16,0.006164624075795187,1.2240768661087624e-07
1536,5.020214238587694e-13,1.1270847873113529e-09,1.8544894424126133e-16,0.006162527850623523,1.2224899220885354e-07
1537,5.029406614092298e-13,1.1248681102528312e-09,1.798023692849134e-16,0.006160433697571598,1.220906062916524e-07
1538,5.03856508810787e-13,1.122648568909961e-09,1.742973022041003e-16,0.006158341613257049,1.2193252806010593e-07
1539,5.047689544918565e-13,1.1204263128713266e-09,1.6893089899177653e-16,0.006156251594305208,1.2177475671763382e-07
1540,5.056779869684865e-13,1.1182014920685741e-09,1.6370036091472451e-16,0.006154163637349077,1.216172914702323e-07
1541,5.06583594844439e-13,1.1159742567331802e-09,1.5860293392139694e-16,0.006152077739029306,1.214601315264641e-07
1542,5.074857668112688e-13,1.1137447573535726e-09,1.536359080568245e-16,0.0061499938959941715,1.213032760974486e-07
1543,5.083844916484014e-13,1.1115131446326088e-09,1.4879661688450552e-16,0.0061479121048995545,1.2114672439685182e-07
1544,5.092797582232055e-13,1.1092795694454288e-09,1.440824369151982e-16,0.006145832362408916,1.2099047564087664e-07
1545,5.101715554910665e-13,1.107044182797692e-09,1.394907870425347e-16,0.006143754665193278,1.2083452904825295e-07
1546,5.110598724954549e-13,1.104807135784207e-09,1.350191279853785e-16,0.006141679009931199,1.206788838402278e-07
1547,5.119446983679936e-13,1.1025685795479755e-09,1.306649617368473e-16,0.006139605393308756,1.2052353924055584e-07
1548,5.128260223285226e-13,1.100328665239645e-09,1.264258310199233e-16,0.0061375338120195164,1.2036849447548952e-07
1549,5.13703833685161e-13,1.0980875439773955e-09,1.2229931874957637e-16,0.006135464262764524,1.2021374877376947e-07
1550,5.145781218343673e-13,1.0958453668072646e-09,1.182830475013223e-16,0.006133396742252271,1.2005930136661493e-07
1551,5.15448876260996e-13,1.0936022846639152e-09,1.1437467898614501e-16,0.006131331247198678,1.1990515148771417e-07
1552,5.163160865383536e-13,1.091358448331869e-09,1.1057191353170534e-16,0.0061292677743270746,1.1975129837321497e-07
1553,5.171797423282501e-13,1.0891140084071976e-09,1.0687248956976677e-16,0.006127206320368177,1.1959774126171515e-07
1554,5.180398333810492e-13,1.0868691152596982e-09,1.032741831297646e-16,0.0061251468820600645,1.1944447939425324e-07
1555,5.188963495357171e-13,1.0846239189955457e-09,9.977480733844734e-17,0.006123089456148163,1.1929151201429896e-07
1556,5.197492807198664e-13,1.0823785694204363e-09,9.637221192552105e-17,0.006121034039385216,1.1913883836774396e-07
1557,5.205986169498006e-13,1.0801332160032378e-09,9.306428273522684e-17,0.0061189806285312735,1.1898645770289252e-07
1558,5.214443483305531e-13,1.0778880078401401e-09,8.984894124378172e-17,0.006116929220353663,1.1883436927045224e-07
1559,5.222864650559266e-13,1.07564309361932e-09,8.672414408261683e-17,0.006114879811626972,1.1868257232352487e-07
1560,5.231249574085288e-13,1.0733986215861276e-09,8.368788256734452e-17,0.006112832399133026,1.1853106611759712e-07
1561,5.239598157598046e-13,1.071154739508798e-09,8.073818223238859e-17,0.006110786979660867,1.1837984991053157e-07
1562,5.247910305700689e-13,1.0689115946446971e-09,7.787310237121209e-17,0.006108743550006738,1.1822892296255747e-07
1563,5.256185923885338e-13,1.066669333707104e-09,7.5090735582078e-17,0.006106702106974052,1.180782845362618e-07
1564,5.26442491853336e-13,1.064428102832537e-09,7.238920731927799e-17,0.0061046626473733835,1.1792793389658022e-07
1565,5.272627196915597e-13,1.0621880475486259e-09,6.976667544976744e-17,0.006102625168022438,1.1777787031078805e-07
1566,5.280792667192591e-13,1.0599493127425422e-09,6.722132981514227e-17,0.006100589665746037,1.176280930484914e-07
1567,5.288921238414777e-13,1.057712042629976e-09,6.475139179889776e-17,0.006098556137376096,1.1747860138161826e-07
1568,5.297012820522644e-13,1.0554763807246838e-09,6.235511389890624e-17,0.006096524579751605,1.1732939458440966e-07
1569,5.305067324346881e-13,1.053242469808597e-09,6.003077930505496e-17,0.006094494989718607,1.171804719334108e-07
1570,5.313084661608505e-13,1.051010451902493e-09,5.777670148198297e-17,0.006092467364130178,1.1703183270746235e-07
1571,5.321064744918958e-13,1.0487804682372438e-09,5.559122375685909e-17,0.006090441699846408,1.1688347618769166e-07
1572,5.329007487780181e-13,1.0465526592256317e-09,5.347271891214192e-17,0.006088417993734378,1.167354016575041e-07
1573,5.33691280458466e-13,1.0443271644347444e-09,5.141958878326417e-17,0.006086396242668148,1.1658760840257441e-07
1574,5.344780610615461e-13,1.0421041225589416e-09,4.943026386118497e-17,0.006084376443528726,1.16440095710838e-07
1575,5.352610822046242e-13,1.0398836713934047e-09,4.750320289975287e-17,0.006082358593204054,1.1629286287248249e-07
1576,5.360403355941221e-13,1.037665947808265e-09,4.563689252782454e-17,0.006080342688588991,1.1614590917993905e-07
1577,5.368158130255141e-13,1.0354510877233122e-09,4.382984686608355e-17,0.0060783287265852885,1.1599923392787397e-07
1578,5.375875063833203e-13,1.0332392260832834e-09,4.208060714850531e-17,0.006076316704101572,1.1585283641318018e-07
1579,5.383554076410986e-13,1.0310304968337347e-09,4.0387741348413715e-17,0.006074306618053322,1.157067159349688e-07
1580,5.39119508861433e-13,1.0288250328974959e-09,3.874984380907696e-17,0.006072298465362854,1.1556087179456076e-07
1581,5.398798021959209e-13,1.0266229661517042e-09,3.7165534878789265e-17,0.0060702922429593026,1.1541530329547844e-07
1582,5.406362798851569e-13,1.0244244274054224e-09,3.563346055038722e-17,0.0060682879477785955,1.1527000974343734e-07
1583,5.413889342587146e-13,1.0222295463778354e-09,3.4152292105148614e-17,0.0060662855767634385,1.1512499044633784e-07
1584,5.42137757735127e-13,1.0200384516770264e-09,3.272072576102372e-17,0.0060642851268632985,1.1498024471425688e-07
1585,5.428827428218646e-13,1.0178512707793322e-09,3.133748232514811e-17,0.006062286595034379,1.1483577185943982e-07
1586,5.436238821153098e-13,1.0156681300092742e-09,3.0001306850587774e-17,0.006060289978239601,1.1469157119629223e-07
1587,5.443611683007296e-13,1.0134891545200672e-09,2.871096829726749e-17,0.006058295273448593,1.1454764204137178e-07
1588,5.450945941522473e-13,1.0113144682746954e-09,2.746525919703374e-17,0.00605630247763766,1.1440398371338007e-07
1589,5.458241525328104e-13,1.0091441940275657e-09,2.6262995322804274e-17,0.006054311587789772,1.1426059553315465e-07
1590,5.46549836394157e-13,1.0069784533067247e-09,2.5103015361757094e-17,0.006052322600894545,1.1411747682366096e-07
1591,5.472716387767797e-13,1.0048173663966428e-09,2.398418059251177e-17,0.006050335513948216,1.1397462690998428e-07
1592,5.479895528098869e-13,1.0026610523215598e-09,2.2905374566256926e-17,0.006048350323953634,1.1383204511932185e-07
1593,5.487035717113636e-13,1.0005096288293933e-09,2.1865502791778132e-17,0.0060463670279202325,1.136897307809749e-07
1594,5.494136887877272e-13,9.983632123761955e-10,2.0863492424340817e-17,0.006044385622864017,1.1354768322634078e-07
1595,5.501198974340835e-13,9.962219181111732e-10,1.9898291958383522e-17,0.006042406105807543,1.1340590178890503e-07
1596,5.508221911340792e-13,9.94085859862246e-10,1.8968870923977377e-17,0.006040428473779899,1.132643858042337e-07
1597,5.51520563459853e-13,9.919551501221566e-10,1.8074219587007938e-17,0.006038452723816689,1.1312313460996543e-07
1598,5.522150080719833e-13,9.898299000351155e-10,1.7213348653036232e-17,0.0060364788529600096,1.1298214754580373e-07
1599,5.529055187194333e-13,9.877102193839873e-10,1.6385288974796346e-17,0.006034506858258439,1.1284142395350931e-07
1600,5.535920892394983e-13,9.855962165780037e-10,1.558909126328722e-17,0.0060325367367670135,1.1270096317689234e-07
1601,5.542747135577443e-13,9.834879986410085e-10,1.482382580241695e-17,0.00603056848554721,1.1256076456180481e-07
1602,5.54953385687949e-13,9.813856712002223e-10,1.4088582167158467e-17,0.006028602101666931,1.124208274561329e-07
1603,5.556280997320397e-13,9.79289338475521e-10,1.3382468945175542e-17,0.006026637582200483,1.1228115120978944e-07
1604,5.562988498800275e-13,9.771991032692316e-10,1.2704613461879016e-17,0.006024674924228559,1.1214173517470631e-07
1605,5.569656304099413e-13,9.751150669564303e-10,1.2054161508873317e-17,0.006022714124838224,1.1200257870482691e-07
1606,5.576284356877585e-13,9.730373294757458e-10,1.1430277075753856e-17,0.006020755181122894,1.1186368115609872e-07
1607,5.582872601673327e-13,9.709659893206543e-10,1.0832142085216338e-17,0.006018798090182316,1.1172504188646576e-07
1608,5.589420983903227e-13,9.689011435312664e-10,1.0258956131439562e-17,0.006016842849122559,1.1158666025586133e-07
1609,5.595929449861148e-13,9.668428876866008e-10,9.709936221703517e-18,0.006014889455055987,1.1144853562620041e-07
1610,5.602397946717456e-13,9.647913158973296e-10,9.184316521205259e-18,0.006012937905101244,1.1131066736137244e-07
1611,5.608826422518236e-13,9.627465207990004e-10,8.681348101035374e-18,0.006010988196383241,1.1117305482723396e-07
1612,5.615214826184458e-13,9.607085935457244e-10,8.200298689278163e-18,0.006009040326033135,1.1103569739160132e-07
1613,5.621563107511139e-13,9.586776238043225e-10,7.740452425199288e-18,0.006007094291188308,1.1089859442424335e-07
1614,5.627871217166501e-13,9.566536997489262e-10,7.301109616484947e-18,0.006005150088992358,1.1076174529687425e-07
1615,5.634139106691054e-13,9.546369080560242e-10,6.881586499496994e-18,0.006003207716595073,1.1062514938314627e-07
1616,5.640366728496722e-13,9.526273338999518e-10,6.4812150025089716e-18,0.0060012671711524215,1.1048880605864261e-07
1617,5.646554035865907e-13,9.506250609488131e-10,6.099342511888273e-18,0.005999328449826529,1.1035271470087027e-07
1618,5.652700982950549e-13,9.486301713608281e-10,5.7353316411902114e-18,0.005997391549785667,1.1021687468925292e-07
1619,5.658807524771162e-13,9.466427457811076e-10,5.3885600031299684e-18,0.0059954564682042286,1.1008128540512383e-07
1620,5.664873617215833e-13,9.446628633388319e-10,5.0584199843989955e-18,0.0059935232022627185,1.0994594623171882e-07
1621,5.670899217039237e-13,9.426906016448482e-10,4.74431852329267e-18,0.005991591749147733,1.0981085655416926e-07
1622,5.676884281861594e-13,9.40726036789657e-10,4.4456768901164e-18,0.005989662106051941,1.0967601575949508e-07
1623,5.682828770167616e-13,9.387692433418022e-10,4.1619304703379155e-18,0.005987734270174072,1.0954142323659777e-07
1624,5.688732641305468e-13,9.36820294346641e-10,3.8925285504535766e-18,0.005985808238718896,1.094070783762535e-07
1625,5.694595855485651e-13,9.34879261325497e-10,3.63693410653714e-18,0.005983884008897206,1.0927298057110624e-07
1626,5.700418373779898e-13,9.329462142751825e-10,3.3946235954396734e-18,0.005981961577925805,1.0913912921566082e-07
1627,5.706200158120053e-13,9.31021221667891e-10,3.1650867486096567e-18,0.0059800409430274875,1.0900552370627616e-07
1628,5.71194117129692e-13,9.291043504514461e-10,2.947826368502739e-18,0.0059781221014310205,1.0887216344115842e-07
1629,5.717641376959096e-13,9.271956660499015e-10,2.7423581275508815e-18,0.005976205050371132,1.0873904782035422e-07
1630,5.723300739611767e-13,9.252952323644877e-10,2.5482103696610185e-18,0.00597428978708849,1.0860617624574393e-07
1631,5.728919224615522e-13,9.234031117748942e-10,2.3649239142137068e-18,0.005972376308829688,1.084735481210349e-07
1632,5.734496798185107e-13,9.215193651408841e-10,2.1920518625325482e-18,0.00597046461284723,1.0834116285175481e-07
1633,5.740033427388183e-13,9.196440518042322e-10,2.0291594067955194e-18,0.005968554696399513,1.0820901984524494e-07
1634,5.745529080144052e-13,9.177772295909788e-10,1.875823641359675e-18,0.0059666465567508094,1.0807711851065361e-07
1635,5.750983725222382e-13,9.159189548139945e-10,1.7316333764710137e-18,0.005964740191171254,1.0794545825892954e-07
1636,5.756397332241891e-13,9.140692822758469e-10,1.5961889543316138e-18,0.005962835596936825,1.0781403850281524e-07
1637,5.761769871669022e-13,9.122282652719639e-10,1.4691020674964732e-18,0.00596093277132933,1.0768285865684053e-07
1638,5.76710131481659e-13,9.103959555940851e-10,1.3499955795727997e-18,0.005959031711636386,1.075519181373159e-07
1639,5.77239163384243e-13,9.085724035339955e-10,1.238503348194812e-18,0.005957132415151411,1.0742121636232617e-07
1640,5.777640801748008e-13,9.067576578875347e-10,1.1342700502474117e-18,0.005955234879173601,1.0729075275172389e-07
1641,5.782848792377014e-13,9.049517659588758e-10,1.036951009312401e-18,0.005953339101007918,1.0716052672712293e-07
1642,5.788015580413944e-13,9.031547735650628e-10,9.46212025311226e-19,0.005951445077965072,1.0703053771189212e-07
1643,5.793141141382653e-13,9.013667250408053e-10,8.617292063185004e-19,0.005949552807361508,1.0690078513114881e-07
1644,5.7982254516449e-13,8.995876632435211e-10,7.831888025208865e-19,0.005947662286519387,1.0677126841175251e-07
1645,5.803268488398872e-13,8.978176295586189e-10,7.102870422961844e-19,0.005945773512766571,1.0664198698229861e-07
1646,5.808270229677677e-13,8.960566639050204e-10,6.42729970387774e-19,0.0059438864834366134,1.0651294027311204e-07
1647,5.813230654347832e-13,8.943048047409039e-10,5.802332881498335e-19,0.005942001195868733,1.0638412771624093e-07
1648,5.81814974210773e-13,8.925620890696776e-10,5.225221958390478e-19,0.005940117647407809,1.0625554874545047e-07
1649,5.823027473486094e-13,8.908285524461623e-10,4.693312369287909e-19,0.005938235835404357,1.0612720279621665e-07
1650,5.827863829840388e-13,8.891042289829874e-10,4.2040414442204183e-19,0.00593635575721452,1.0599908930571999e-07
1651,5.832658793355246e-13,8.873891513571887e-10,3.7549368913956833e-19,0.005934477410200048,1.0587120771283943e-07
1652,5.837412347040853e-13,8.856833508170025e-10,3.3436152996018135e-19,0.005932600791728287,1.057435574581462e-07
1653,5.842124474731314e-13,8.839868571888519e-10,2.967780659901196e-19,0.005930725899172162,1.0561613798389766e-07
1654,5.846795161083039e-13,8.822996988845173e-10,2.625222906388997e-19,0.00592885272991016,1.0548894873403122e-07
1655,5.851424391573037e-13,8.806219029084832e-10,2.3138164757921593e-19,0.00592698128132632,1.0536198915415824e-07
1656,5.856012152497279e-13,8.789534948654627e-10,2.0315188856873496e-19,0.005925111550810213,1.0523525869155804e-07
1657,5.860558430968969e-13,8.772944989680839e-10,1.7763693311188167e-19,0.005923243535756926,1.0510875679517184e-07
1658,5.865063214916851e-13,8.756449380447418e-10,1.5464872993996537e-19,0.005921377233567053,1.0498248291559678e-07
1659,5.869526493083465e-13,8.740048335476031e-10,1.3400712028824056e-19,0.005919512641646678,1.0485643650507994e-07
1660,5.873948255023402e-13,8.723742055607623e-10,1.1553970294874313e-19,0.005917649757407355,1.0473061701751243e-07
1661,5.878328491101531e-13,8.70753072808542e-10,9.9081701077984e-20,0.0059157885782661,1.0460502390842345e-07
1662,5.882667192491221e-13,8.691414526639322e-10,8.447583073882155e-20,0.005913929101645372,1.0447965663497437e-07
1663,5.886964351172547e-13,8.675393611571625e-10,7.157217115607084e-20,0.00591207132497306,1.0435451465595292e-07
1664,5.891219959930459e-13,8.659468129844064e-10,6.022803666564047e-20,0.005910215245682471,1.0422959743176731e-07
1665,5.89543401235294e-13,8.643638215166038e-10,5.030785033722089e-20,0.005908360861212307,1.041049044244404e-07
1666,5.899606502829173e-13,8.627903988084059e-10,4.168301925077399e-20,0.005906508169006659,1.0398043509760392e-07
1667,5.90373742654766e-13,8.612265556072321e-10,3.4231811407302125e-20,0.005904657166514989,1.038561889164927e-07
1668,5.907826779494347e-13,8.596723013624362e-10,2.783923425459578e-20,0.005902807851192116,1.0373216534793892e-07
1669,5.911874558450699e-13,8.581276442345745e-10,2.2396914808881363e-20,0.0059009602204982015,1.0360836386036643e-07
1670,5.915880760991803e-13,8.565925911047761e-10,1.7802981353507675e-20,0.005899114271898736,1.0348478392378496e-07
1671,5.919845385484426e-13,8.550671475842037e-10,1.396194669602637e-20,0.00589727000286452,1.0336142500978449e-07
1672,5.92376843108506e-13,8.535513180236081e-10,1.0784592965233914e-20,0.005895427410871657,1.0323828659152965e-07
1673,5.927649897737962e-13,8.520451055229667e-10,8.187857929953955e-21,0.005893586493401535,1.0311536814375402e-07
1674,5.931489786173157e-13,8.505485119412035e-10,6.094722821547248e-21,0.005891747247940811,1.0299266914275453e-07
1675,5.935288097904458e-13,8.490615379059861e-10,4.434101642342251e-21,0.005889909671981403,1.0287018906638595e-07
1676,5.939044835227432e-13,8.475841828235954e-10,3.1407319423831576e-21,0.005888073763020469,1.0274792739405525e-07
1677,5.942760001217379e-13,8.461164448888658e-10,2.155067047093507e-21,0.005886239518560395,1.0262588360671613e-07
1678,5.946433599727267e-13,8.446583210951875e-10,1.423169718652475e-21,0.005884406936108783,1.0250405718686343e-07
1679,5.950065635385699e-13,8.432098072445743e-10,8.966072340777588e-22,0.005882576013178436,1.0238244761852772e-07
1680,5.953656113594807e-13,8.417708979577846e-10,5.323478632034786e-22,0.005880746747287343,1.022610543872698e-07
1681,5.957205040528181e-13,8.403415866844989e-10,2.926587299337931e-22,0.005878919135958667,1.0213987698017528e-07
1682,5.960712423128743e-13,8.389218657135473e-10,1.4500504034303744e-22,0.005877093176720729,1.0201891488584908e-07
1683,5.964178269106621e-13,8.375117261831839e-10,6.195066138114007e-23,0.005875268867106997,1.0189816759441015e-07
1684,5.967602586937031e-13,8.361111580914027e-10,2.1060034128854354e-23,0.005873446204656069,1.01777634597486e-07
1685,5.970985385858097e-13,8.34720150306297e-10,4.801405731021837e-24,0.005871625186911663,1.0165731538820739e-07
1686,5.974326675868699e-13,8.333386905764547e-10,4.513643176668869e-25,0.0058698058114226,1.0153720946120299e-07
1687,5.977626467726278e-13,8.319667655413864e-10,6.61402235077431e-28,0.005867988075742791,1.0141731631259409e-07
1688,5.980884772944638e-13,8.306043607419864e-10,6.146174859030002e-26,0.005866171977431224,1.0129763543998926e-07
1689,5.984101603791747e-13,8.292514606310204e-10,1.7807293418788012e-24,0.005864357514051954,1.0117816634247915e-07
1690,5.987276973287494e-13,8.279080485836416e-10,1.0767067936990562e-23,0.005862544683174084,1.010589085206312e-07
1691,5.990410895201447e-13,8.265741069079249e-10,3.7022405591082156e-23,0.005860733482371753,1.0093986147648441e-07
1692,5.993503384050607e-13,8.25249616855425e-10,9.487441844383407e-23,0.005858923909224123,1.0082102471354419e-07
1693,5.996554455097128e-13,8.239345586317504e-10,2.0290968669927078e-22,0.005857115961315369,1.0070239773677714e-07
1694,5.999564124346037e-13,8.226289114071539e-10,3.839075758259367e-22,0.00585530963623466,1.005839800526059e-07
1695,6.002532408542926e-13,8.21332653327134e-10,6.647748360546479e-22,0.005853504931576151,1.0046577116890405e-07
1696,6.005459325171647e-13,8.200457615230486e-10,1.0764809133149395e-21,0.005851701844938964,1.003477705949909e-07
1697,6.008344892451997e-13,8.187682121227363e-10,1.6539939648126926e-21,0.005849900373927182,1.0022997784162651e-07
1698,6.011189129337347e-13,8.174999802611449e-10,2.4362175725122842e-21,0.005848100516149829,1.0011239242100655e-07
1699,6.013992055512319e-13,8.162410400909617e-10,3.465928147846916e-21,0.005846302269220861,9.999501384675726e-08
1700,6.016753691390406e-13,8.149913647932504e-10,4.7897130210406e-21,0.005844505630759153,9.987784163393041e-08
1701,6.019474058111594e-13,8.137509265880859e-10,6.457909208484589e-21,0.005842710598388484,9.976087529899831e-08
1702,6.02215317753996e-13,8.125196967451856e-10,8.524542851669845e-21,0.0058409171697375245,9.96441143598488e-08
1703,6.024791072261278e-13,8.112976455945438e-10,1.1047269321235375e-20,0.005839125342439825,9.952755833578026e-08
1704,6.02738776558059e-13,8.100847425370573e-10,1.4087313979750166e-20,0.005837335114133802,9.941120674749675e-08
1705,6.029943281519774e-13,8.088809560551452e-10,1.7709413596903613e-20,0.005835546482462725,9.929505911710296e-08
1706,6.032457644815106e-13,8.07686253723364e-10,2.1981758410836393e-20,0.005833759445074704,9.917911496809937e-08
1707,6.034930880914791e-13,8.065006022190092e-10,2.697593482939961e-20,0.005831973999622677,9.906337382537737e-08
1708,6.03736301597651e-13,8.053239673327123e-10,3.2766868765186557e-20,0.005830190143764398,9.894783521521433e-08
1709,6.039754076864914e-13,8.041563139790233e-10,3.9432769598236066e-20,0.005828407875162422,9.883249866526884e-08
1710,6.042104091149147e-13,8.029976062069806e-10,4.7055074760361746e-20,0.005826627191484096,9.871736370457577e-08
1711,6.04441308710033e-13,8.018478072106671e-10,5.571839493511616e-20,0.005824848090401543,9.860242986354157e-08
1712,6.046681093689027e-13,8.007068793397545e-10,6.55104598674517e-20,0.005823070569591649,9.848769667393939e-08
1713,6.048908140582744e-13,7.995747841100294e-10,7.652206477719513e-20,0.005821294626736055,9.837316366890437e-08
1714,6.05109425814336e-13,7.984514822139022e-10,8.884701737050417e-20,0.005819520259521141,9.825883038292884e-08
1715,6.053239477424595e-13,7.973369335309016e-10,1.0258208544352865e-19,0.005817747465638012,9.814469635185764e-08
1716,6.055343830169409e-13,7.962310971381494e-10,1.178269450725489e-19,0.0058159762427824925,9.803076111288337e-08
1717,6.057407348807456e-13,7.951339313208166e-10,1.3468412938491814e-19,0.005814206588655107,9.791702420454171e-08
1718,6.059430066452468e-13,7.940453935825596e-10,1.532589779051846e-19,0.005812438500961069,9.780348516670672e-08
1719,6.061412016899671e-13,7.92965440655938e-10,1.7365958647082138e-19,0.005810671977410272,9.769014354058622e-08
1720,6.063353234623164e-13,7.918940285128095e-10,1.9599675771204192e-19,0.005808907015717275,9.757699886871713e-08
1721,6.065253754773297e-13,7.908311123747069e-10,2.2038395209022857e-19,0.00580714361360129,9.746405069496086e-08
1722,6.067113613174039e-13,7.897766467231907e-10,2.4693723948955147e-19,0.005805381768786172,9.735129856449872e-08
1723,6.068932846320326e-13,7.887305853101821e-10,2.757752513564053e-19,0.005803621479000405,9.723874202382735e-08
1724,6.070711491375401e-13,7.876928811682713e-10,3.0701913338133674e-19,0.005801862741977087,9.712638062075407e-08
1725,6.072449586168153e-13,7.866634866210059e-10,3.4079249871818755e-19,0.005800105555453927,9.701421390439247e-08
1726,6.074147169190439e-13,7.856423532931551e-10,3.772213817352236e-19,0.0057983499171732214,9.690224142515778e-08
1727,6.075804279594397e-13,7.846294321209538e-10,4.164341922930695e-19,0.005796595824881852,9.679046273476241e-08
1728,6.077420957189736e-13,7.836246733623182e-10,4.58561670544311e-19,0.0057948432763312695,9.667887738621147e-08
1729,6.078997242441044e-13,7.826280266070443e-10,5.037368422496799e-19,0.005793092269277481,9.656748493379824e-08
1730,6.080533176465051e-13,7.816394407869791e-10,5.520949746057806e-19,0.005791342801481039,9.645628493309979e-08
1731,6.08202880102791e-13,7.806588641861711e-10,6.037735325793577e-19,0.005789594870707032,9.63452769409725e-08
1732,6.083484158542446e-13,7.796862444509954e-10,6.589121357431583e-19,0.005787848474725068,9.623446051554765e-08
1733,6.084899292065438e-13,7.787215286002593e-10,7.176525156084836e-19,0.005786103611309268,9.612383521622704e-08
1734,6.086274245294823e-13,7.777646630352799e-10,7.801384734495606e-19,0.005784360278238249,9.601340060367859e-08
1735,6.087609062566945e-13,7.768155935499426e-10,8.465158386149294e-19,0.005782618473295116,9.590315623983197e-08
1736,6.088903788853773e-13,7.758742653407374e-10,9.169324273210639e-19,0.005780878194267451,9.579310168787428e-08
1737,6.090158469760123e-13,7.749406230167684e-10,9.915380019234985e-19,0.005779139438947299,9.568323651224568e-08
1738,6.091373151520845e-13,7.740146106097454e-10,1.0704842306607752e-18,0.005777402205131156,9.557356027863514e-08
1739,6.09254788099804e-13,7.730961715839497e-10,1.1539246478665674e-18,0.00577566649061996,9.546407255397607e-08
1740,6.093682705678223e-13,7.721852488461824e-10,1.2420146146453773e-18,0.005773932293219079,9.535477290644213e-08
1741,6.094777673669511e-13,7.712817847556855e-10,1.3349112800072444e-18,0.005772199610738297,9.524566090544286e-08
1742,6.095832833698792e-13,7.703857211340478e-10,1.4327735424569589e-18,0.0057704684409918055,9.513673612161955e-08
1743,6.096848235108882e-13,7.694969992750845e-10,1.535762012033287e-18,0.005768738781798192,9.502799812684095e-08
1744,6.097823927855676e-13,7.686155599547002e-10,1.644038972793783e-18,0.0057670106309804245,9.491944649419904e-08
1745,6.098759962505286e-13,7.6774134344073e-10,1.7577683457407914e-18,0.005765283986365848,9.481108079800492e-08
1746,6.099656390231181e-13,7.668742895027597e-10,1.8771156521842786e-18,0.005763558845786165,9.470290061378459e-08
1747,6.100513262811321e-13,7.660143374219288e-10,2.0022479775371843e-18,0.005761835207077432,9.459490551827474e-08
1748,6.101330632625243e-13,7.651614260007128e-10,2.1333339355390104e-18,0.00576011306808004,9.448709508941869e-08
1749,6.102108552651211e-13,7.643154935726881e-10,2.270543632903425e-18,0.00575839242663871,9.437946890636222e-08
1750,6.102847076463287e-13,7.63476478012277e-10,2.4140486343856594e-18,0.005756673280602478,9.427202654944948e-08
1751,6.103546258228453e-13,7.626443167444776e-10,2.5640219282655626e-18,0.005754955627824689,9.416476760021887e-08
1752,6.104206152703666e-13,7.618189467545733e-10,2.720637892242176e-18,0.005753239466162978,9.405769164139902e-08
1753,6.104826815232965e-13,7.610003045978291e-10,2.884072259735751e-18,0.005751524793479267,9.395079825690466e-08
1754,6.105408301744527e-13,7.601883264091667e-10,3.054502086593155e-18,0.005749811607639747,9.384408703183261e-08
1755,6.105950668747729e-13,7.593829479128285e-10,3.2321057181926767e-18,0.005748099906514873,9.373755755245774e-08
1756,6.106453973330223e-13,7.58584104432025e-10,3.4170627569442376e-18,0.005746389687979351,9.3631209406229e-08
1757,6.106918273154966e-13,7.577917308985631e-10,3.609554030181069e-18,0.005744680949912124,9.352504218176536e-08
1758,6.107343626457277e-13,7.570057618624669e-10,3.809761558438996e-18,0.0057429736901963655,9.341905546885189e-08
1759,6.107730092041865e-13,7.562261315015794e-10,4.017868524119401e-18,0.005741267906719468,9.331324885843573e-08
1760,6.10807772927987e-13,7.554527736311523e-10,4.234059240532101e-18,0.00573956359737303,9.320762194262221e-08
1761,6.108386598105871e-13,7.546856217134225e-10,4.458519121314293e-18,0.005737860760052847,9.310217431467089e-08
1762,6.108656759014912e-13,7.539246088671757e-10,4.691434650221845e-18,0.005736159392658899,9.29969055689916e-08
1763,6.108888273059509e-13,7.531696678772991e-10,4.932993351289204e-18,0.005734459493095343,9.289181530114061e-08
1764,6.109081201846666e-13,7.524207312043218e-10,5.183383759354204e-18,0.005732761059270499,9.27869031078167e-08
1765,6.109235607534844e-13,7.516777309939421e-10,5.442795390944147e-18,0.005731064089096843,9.268216858685727e-08
1766,6.109351552830997e-13,7.509405990865484e-10,5.711418715519543e-18,0.005729368580490992,9.257761133723458e-08
1767,6.109429100987515e-13,7.502092670267233e-10,5.989445127071891e-18,0.005727674531373697,9.247323095905177e-08
1768,6.109468315799228e-13,7.494836660727454e-10,6.277066916071934e-18,0.005725981939669831,9.236902705353913e-08
1769,6.10946926160037e-13,7.487637272060729e-10,6.574477241764929e-18,0.005724290803308379,9.226499922305027e-08
1770,6.109432003261559e-13,7.480493811408271e-10,6.881870104809393e-18,0.005722601120222427,9.216114707105833e-08
1771,6.109356606186758e-13,7.473405583332601e-10,7.199440320255869e-18,0.005720912888349152,9.205747020215218e-08
1772,6.109243136310217e-13,7.466371889912163e-10,7.527383490862299e-18,0.005719226105629811,9.195396822203266e-08
1773,6.109091660093452e-13,7.459392030835869e-10,7.865895980742587e-18,0.005717540770009733,9.185064073750883e-08
1774,6.108902244522175e-13,7.452465303497547e-10,8.215174889345067e-18,0.005715856879438305,9.174748735649426e-08
1775,6.108674957103241e-13,7.445591003090334e-10,8.575418025757387e-18,0.005714174431868965,9.164450768800326e-08
1776,6.108409865861586e-13,7.438768422700977e-10,8.946823883334717e-18,0.005712493425259188,9.154170134214721e-08
1777,6.108107039337164e-13,7.43199685340408e-10,9.329591614647817e-18,0.005710813857570482,9.143906793013086e-08
1778,6.107766546581873e-13,7.425275584356272e-10,9.723921006747844e-18,0.005709135726768371,9.133660706424864e-08
1779,6.10738845715648e-13,7.418603902890324e-10,1.0130012456744627e-17,0.005707459030822388,9.123431835788101e-08
1780,6.106972841127532e-13,7.411981094609183e-10,1.0548066947695303e-17,0.005705783767706066,9.113220142549081e-08
1781,6.106519769064288e-13,7.405406443479972e-10,1.0978286024800068e-17,0.005704109935396926,9.103025588261965e-08
1782,6.106029312035619e-13,7.398879231927899e-10,1.1420871771901985e-17,0.005702437531876467,9.09284813458842e-08
1783,6.10550154160692e-13,7.392398740930141e-10,1.1876026788287746e-17,0.005700766555130156,9.082687743297268e-08
1784,6.104936529837004e-13,7.385964250109642e-10,1.2343954165786303e-17,0.005699097003147418,9.072544376264126e-08
1785,6.104334349275018e-13,7.379575037828883e-10,1.282485746616241e-17,0.005697428873921631,9.062417995471043e-08
1786,6.103695072957318e-13,7.373230381283556e-10,1.3318940698801872e-17,0.005695762165450107,9.052308563006145e-08
1787,6.103018774404373e-13,7.366929556596232e-10,1.3826408298685825e-17,0.005694096875734087,9.042216041063284e-08
1788,6.102305527617657e-13,7.36067183890994e-10,1.434746510465079e-17,0.0056924330027787315,9.03214039194168e-08
1789,6.101555407076534e-13,7.354456502481699e-10,1.48823163379318e-17,0.005690770544593111,9.022081578045568e-08
1790,6.100768487735121e-13,7.348282820775991e-10,1.5431167580985596e-17,0.005689109499190194,9.012039561883857e-08
1791,6.099944845019187e-13,7.342150066558183e-10,1.5994224756591017e-17,0.0056874498645868386,9.002014306069765e-08
1792,6.099084554823021e-13,7.336057511987894e-10,1.6571694107223804e-17,0.0056857916388037815,8.992005773320484e-08
1793,6.098187693506297e-13,7.330004428712289e-10,1.716378217470297e-17,0.005684134819865631,8.982013926456825e-08
1794,6.097254337890966e-13,7.32399008795933e-10,1.777069578010591e-17,0.005682479405800854,8.972038728402877e-08
1795,6.096284565258093e-13,7.318013760630938e-10,1.8392642003949555e-17,0.0056808253946417685,8.96208014218566e-08
1796,6.095278453344747e-13,7.312074717396111e-10,1.902982816663475e-17,0.005679172784424533,8.952138130934787e-08
1797,6.094236080340847e-13,7.306172228783972e-10,1.968246180915128e-17,0.005677521573189138,8.942212657882115e-08
1798,6.093157524886022e-13,7.300305565276739e-10,2.0350750674040654e-17,0.005675871758979395,8.932303686361413e-08
1799,6.09204286606648e-13,7.294473997402622e-10,2.1034902686614195e-17,0.005674223339842926,8.922411179808017e-08
1800,6.090892183411847e-13,7.288676795828634e-10,2.1735125936423602e-17,0.005672576313831159,8.912535101758495e-08
1801,6.089705556892029e-13,7.282913231453339e-10,2.2451628658981607e-17,0.005670930678999313,8.902675415850313e-08
1802,6.088483066914063e-13,7.27718257549949e-10,2.318461921772988e-17,0.005669286433406389,8.892832085821496e-08
1803,6.087224794318964e-13,7.271484099606605e-10,2.3934306086251815e-17,0.005667643575115165,8.883005075510296e-08
1804,6.08593082037856e-13,7.265817075923421e-10,2.4700897830727526e-17,0.0056660021021921825,8.873194348854861e-08
1805,6.08460122679236e-13,7.260180777200254e-10,2.5484603092628652e-17,0.0056643620127077386,8.863399869892904e-08
1806,6.08323609568439e-13,7.254574476881255e-10,2.6285630571650387e-17,0.005662723304735876,8.853621602761372e-08
1807,6.081835509600021e-13,7.248997449196563e-10,2.7104189008878332e-17,0.005661085976354375,8.843859511696116e-08
1808,6.080399551502816e-13,7.243448969254317e-10,2.7940487170187636e-17,0.005659450025644741,8.834113561031565e-08
1809,6.078928304771393e-13,7.237928313132566e-10,2.879473382987216e-17,0.0056578154506922,8.824383715200407e-08
1810,6.077421853196221e-13,7.232434757971025e-10,2.966713775450101e-17,0.0056561822495856855,8.814669938733252e-08
1811,6.075880280976495e-13,7.226967582062721e-10,3.05579076870004e-17,0.005654550420417832,8.804972196258316e-08
1812,6.074303672716961e-13,7.221526064945452e-10,3.1467252330958175e-17,0.005652919961284963,8.7952904525011e-08
1813,6.07269211342474e-13,7.216109487493116e-10,3.23953803351488e-17,0.005651290870287085,8.785624672284063e-08
1814,6.07104568850618e-13,7.210717132006897e-10,3.334250027827659e-17,0.0056496631455278746,8.77597482052631e-08
1815,6.069364483763684e-13,7.205348282306232e-10,3.430882065393466e-17,0.0056480367851146724,8.766340862243267e-08
1816,6.067648585392543e-13,7.200002223819639e-10,3.5294549855777587e-17,0.005646411787158474,8.756722762546366e-08
1817,6.065898079977758e-13,7.194678243675321e-10,3.629989616290537e-17,0.0056447881497739185,8.747120486642732e-08
1818,6.064113054490906e-13,7.189375630791624e-10,3.732506772545654e-17,0.005643165871079282,8.737533999834863e-08
1819,6.062293596286938e-13,7.184093675967207e-10,3.8370272550408053e-17,0.005641544949196467,8.727963267520321e-08
1820,6.060439793101023e-13,7.17883167197108e-10,3.9435718487580126e-17,0.005639925382250995,8.718408255191415e-08
1821,6.058551733045395e-13,7.17358891363235e-10,4.052161321584352e-17,0.0056383071683719956,8.708868928434894e-08
1822,6.056629504606173e-13,7.168364697929759e-10,4.162816422952718e-17,0.005636690305692198,8.699345252931633e-08
1823,6.054673196640196e-13,7.163158324080964e-10,4.2755578825024424e-17,0.005635074792347924,8.689837194456332e-08
1824,6.052682898371862e-13,7.157969093631552e-10,4.39040640875951e-17,0.005633460626479078,8.680344718877199e-08
1825,6.050658699389955e-13,7.152796310543779e-10,4.507382687836188e-17,0.005631847806229136,8.670867792155646e-08
1826,6.048600689644484e-13,7.147639281285041e-10,4.626507382149887e-17,0.005630236329745142,8.661406380345988e-08
1827,6.046508959443516e-13,7.142497314916029e-10,4.7478011291609865e-17,0.005628626195177694,8.651960449595135e-08
1828,6.044383599450025e-13,7.137369723178594e-10,4.8712845401295e-17,0.005627017400680936,8.64252996614229e-08
1829,6.042224700678704e-13,7.132255820583263e-10,4.996978198890298e-17,0.005625409944412554,8.633114896318647e-08
1830,6.040032354492821e-13,7.127154924496448e-10,5.1249026606467727e-17,0.005623803824533761,8.623715206547092e-08
1831,6.037806652601063e-13,7.122066355227293e-10,5.255078450782678e-17,0.005622199039209292,8.614330863341902e-08
1832,6.035547687054362e-13,7.116989436114173e-10,5.387526063691984e-17,0.005620595586607395,8.604961833308444e-08
1833,6.03325555024273e-13,7.111923493610786e-10,5.522265961626558e-17,0.005618993464899822,8.595608083142883e-08
1834,6.030930334892134e-13,7.106867857371905e-10,5.659318573561471e-17,0.005617392672261819,8.586269579631882e-08
1835,6.028572134061308e-13,7.101821860338685e-10,5.798704294077721e-17,0.00561579320687212,8.576946289652311e-08
1836,6.026181041138617e-13,7.096784838823586e-10,5.94044348226224e-17,0.0056141950669129385,8.567638180170948e-08
1837,6.023757149838891e-13,7.09175613259483e-10,6.08455646062492e-17,0.0056125982505699544,8.55834521824419e-08
1838,6.021300554200287e-13,7.086735084960443e-10,6.231063514032566e-17,0.005611002756032312,8.549067371017761e-08
1839,6.01881134858113e-13,7.081721042851832e-10,6.379984888659512e-17,0.005609408581492606,8.539804605726418e-08
1840,6.016289627656771e-13,7.076713356906859e-10,6.531340790954764e-17,0.005607815725146878,8.530556889693667e-08
1841,6.013735486416441e-13,7.07171138155247e-10,6.685151386625482e-17,0.005606224185194602,8.521324190331471e-08
1842,6.011149020160108e-13,7.066714475086772e-10,6.841436799636644e-17,0.005604633959838682,8.512106475139964e-08
1843,6.008530324495333e-13,7.061721999760617e-10,7.000217111226652e-17,0.005603045047285441,8.502903711707164e-08
1844,6.005879495334145e-13,7.05673332185864e-10,7.161512358938792e-17,0.005601457445744614,8.49371586770869e-08
1845,6.003196628889885e-13,7.051747811779738e-10,7.32534253566829e-17,0.005599871153429334,8.484542910907475e-08
1846,6.000481821674082e-13,7.046764844116996e-10,7.491727588724917e-17,0.005598286168556132,8.475384809153484e-08
1847,5.997735170493326e-13,7.041783797737011e-10,7.660687418910812e-17,0.005596702489344924,8.466241530383436e-08
1848,5.994956772446136e-13,7.036804055858612e-10,7.832241879613475e-17,0.0055951201140190055,8.457113042620519e-08
1849,5.992146724919832e-13,7.031825006130976e-10,8.006410775913743e-17,0.005593539040805037,8.447999313974107e-08
1850,5.989305125587411e-13,7.026846040711118e-10,8.183213863708547e-17,0.005591959267933046,8.438900312639494e-08
1851,5.986432072404437e-13,7.021866556340683e-10,8.362670848848326e-17,0.005590380793636408,8.429816006897601e-08
1852,5.983527663605916e-13,7.016885954422133e-10,8.544801386288929e-17,0.005588803616151846,8.42074636511471e-08
1853,5.980591997703186e-13,7.011903641094191e-10,8.729625079257827e-17,0.0055872277337194205,8.411691355742182e-08
1854,5.977625173480797e-13,7.006919027306639e-10,8.917161478434486e-17,0.005585653144582518,8.40265094731619e-08
1855,5.974627289993429e-13,7.001931528894363e-10,9.107430081144787e-17,0.005584079846987849,8.393625108457438e-08
1856,5.971598446562761e-13,6.996940566650651e-10,9.300450330569258e-17,0.005582507839185435,8.384613807870891e-08
1857,5.968538742774379e-13,6.991945566399778e-10,9.496241614965029e-17,0.005580937119428602,8.375617014345508e-08
1858,5.965448278474691e-13,6.986945959068803e-10,9.694823266901339e-17,0.005579367685973972,8.366634696753966e-08
1859,5.962327153767819e-13,6.981941180758583e-10,9.896214562508438e-17,0.005577799537081458,8.357666824052391e-08
1860,5.959175469012524e-13,6.976930672813967e-10,1.0100434720739727e-16,0.005576232671014251,8.348713365280093e-08
1861,5.955993324819115e-13,6.9719138818932e-10,1.0307502902647061e-16,0.005574667086038816,8.339774289559296e-08
1862,5.952780822046352e-13,6.966890260036483e-10,1.051743821066893e-16,0.0055731027804248835,8.330849566094873e-08
1863,5.949538061798395e-13,6.961859264733657e-10,1.0730259687931491e-16,0.00557153975244544,8.32193916417408e-08
1864,5.946265145421718e-13,6.95682035899105e-10,1.0945986317562299e-16,0.005569978000376721,8.313043053166292e-08
1865,5.942962174502049e-13,6.951773011397419e-10,1.1164637022016532e-16,0.0055684175224982035,8.30416120252274e-08
1866,5.939629250861287e-13,6.946716696188986e-10,1.138623066241561e-16,0.0055668583170926,8.295293581776246e-08
1867,5.936266476554455e-13,6.941650893313565e-10,1.1610786037898065e-16,0.005565300382445843,8.286440160540966e-08
1868,5.932873953866652e-13,6.936575088493752e-10,1.1838321884982552e-16,0.00556374371684709,8.277600908512127e-08
1869,5.929451785309986e-13,6.931488773289152e-10,1.206885687694278e-16,0.005562188318588704,8.268775795465767e-08
1870,5.926000073620533e-13,6.926391445157643e-10,1.2302409623194354e-16,0.005560634185966252,8.259964791258476e-08
1871,5.922518921755296e-13,6.92128260751567e-10,1.2538998668693256e-16,0.005559081317278496,8.251167865827143e-08
1872,5.919008432889172e-13,6.916161769797514e-10,1.2778642493345974e-16,0.005557529710827384,8.242384989188693e-08
1873,5.915468710411917e-13,6.911028447513544e-10,1.302135951143099e-16,0.0055559793649180445,8.233616131439839e-08
1874,5.911899857925107e-13,6.905882162307469e-10,1.326716807103167e-16,0.005554430277858777,8.224861262756819e-08
1875,5.908301979239139e-13,6.9007224420125e-10,1.351608645348028e-16,0.0055528824479610436,8.216120353395146e-08
1876,5.904675178370197e-13,6.895548820706472e-10,1.3768132872813098e-16,0.0055513358735394674,8.20739337368936e-08
1877,5.901019559537244e-13,6.890360838765887e-10,1.4023325475236438e-16,0.005549790552911818,8.198680294052768e-08
1878,5.897335227159016e-13,6.885158042918852e-10,1.4281682338603486e-16,0.005548246484399004,8.189981084977197e-08
1879,5.89362228585102e-13,6.879939986296921e-10,1.4543221471901815e-16,0.0055467036663250716,8.181295717032747e-08
1880,5.889880840422553e-13,6.874706228485803e-10,1.4807960814751496e-16,0.005545162097017192,8.172624160867534e-08
1881,5.886110995873681e-13,6.869456335574926e-10,1.507591823691362e-16,0.005543621774805656,8.16396638720745e-08
1882,5.882312857392285e-13,6.864189880205871e-10,1.5347111537809142e-16,0.005542082698023864,8.155322366855914e-08
1883,5.878486530351061e-13,6.858906441619626e-10,1.5621558446047915e-16,0.005540544865008323,8.146692070693621e-08
1884,5.874632120304553e-13,6.853605605702654e-10,1.5899276618967885e-16,0.005539008274098636,8.138075469678301e-08
1885,5.870749732986188e-13,6.848286965031776e-10,1.6180283642184129e-16,0.005537472923637494,8.129472534844476e-08
1886,5.866839474305325e-13,6.842950118917857e-10,1.6464597029147899e-16,0.00553593881197067,8.120883237303211e-08
1887,5.862901450344273e-13,6.837594673448245e-10,1.6752234220715238e-16,0.005534405937447015,8.112307548241876e-08
1888,5.858935767355363e-13,6.832220241528014e-10,1.7043212584725358e-16,0.005532874298418442,8.103745438923901e-08
1889,5.854942531758006e-13,6.826826442919936e-10,1.7337549415588493e-16,0.0055313438932399275,8.09519688068854e-08
1890,5.850921850135731e-13,6.821412904283193e-10,1.763526193388309e-16,0.0055298147202694995,8.086661844950625e-08
1891,5.846873829233289e-13,6.815979259210858e-10,1.7936367285962433e-16,0.005528286777868232,8.07814030320033e-08
1892,5.842798575953695e-13,6.810525148266051e-10,1.8240882543570297e-16,0.005526760064400236,8.069632227002934e-08
1893,5.838696197355334e-13,6.805050219016826e-10,1.8548824703465749e-16,0.005525234578232655,8.06113758799858e-08
1894,5.834566800649044e-13,6.79955412606978e-10,1.8860210687056977e-16,0.005523710317735653,8.052656357902045e-08
1895,5.830410493195203e-13,6.794036531102304e-10,1.9175057340043902e-16,0.005522187281282415,8.044188508502496e-08
1896,5.826227382500835e-13,6.788497102893541e-10,1.9493381432069585e-16,0.005520665467249134,8.035734011663262e-08
1897,5.82201757621672e-13,6.782935517354015e-10,1.981519965638026e-16,0.005519144874015001,8.027292839321598e-08
1898,5.817781182134504e-13,6.777351457553901e-10,2.0140528629493964e-16,0.005517625499962209,8.018864963488451e-08
1899,5.813518308183826e-13,6.771744613749969e-10,2.0469384890877613e-16,0.0055161073434759345,8.010450356248226e-08
1900,5.809229062429454e-13,6.766114683411162e-10,2.080178490263245e-16,0.005514590402944336,8.002048989758562e-08
1901,5.8049135530684e-13,6.760461371242797e-10,2.1137745049187633e-16,0.005513074676758546,7.993660836250095e-08
1902,5.800571888427073e-13,6.754784389209403e-10,2.1477281637002166e-16,0.005511560163312663,7.985285868026229e-08
1903,5.796204176958441e-13,6.749083456556184e-10,2.1820410894274741e-16,0.005510046861003748,7.976924057462912e-08
1904,5.791810527239162e-13,6.743358299829076e-10,2.216714897066159e-16,0.005508534768231812,7.968575377008402e-08
1905,5.787391047966783e-13,6.737608652893444e-10,2.2517511937002207e-16,0.005507023883399814,7.960239799183043e-08
1906,5.782945847956877e-13,6.731834256951324e-10,2.2871515785052875e-16,0.005505514204913649,7.95191729657904e-08
1907,5.778475036140243e-13,6.726034860557327e-10,2.3229176427227754e-16,0.005504005731182148,7.943607841860231e-08
1908,5.773978721560084e-13,6.720210219633069e-10,2.3590509696347728e-16,0.005502498460617064,7.935311407761863e-08
1909,5.769457013369199e-13,6.714360097480233e-10,2.3955531345396574e-16,0.00550099239163307,7.927027967090371e-08
1910,5.764910020827191e-13,6.708484264792181e-10,2.43242570472847e-16,0.005499487522647749,7.918757492723149e-08
1911,5.760337853297683e-13,6.702582499664164e-10,2.4696702394620015e-16,0.005497983852081589,7.910499957608336e-08
1912,5.755740620245503e-13,6.696654587602084e-10,2.50728828994862e-16,0.005496481378357975,7.902255334764589e-08
1913,5.751118431233945e-13,6.690700321529833e-10,2.545281399322796e-16,0.005494980099903185,7.894023597280861e-08
1914,5.74647139592199e-13,6.684719501795217e-10,2.5836511026243493e-16,0.0054934800151463774,7.88580471831619e-08
1915,5.741799624061533e-13,6.678711936174422e-10,2.62239892677837e-16,0.005491981122519592,7.87759867109947e-08
1916,5.737103225494645e-13,6.67267743987504e-10,2.6615263905758526e-16,0.0054904834204577355,7.869405428929236e-08
1917,5.732382310150818e-13,6.666615835537701e-10,2.701035004654989e-16,0.005488986907398579,7.861224965173453e-08
1918,5.727636988044247e-13,6.660526953236207e-10,2.740926271483142e-16,0.005487491581782755,7.853057253269289e-08
1919,5.722867369271076e-13,6.654410630476263e-10,2.781201685339478e-16,0.00548599744205374,7.84490226672291e-08
1920,5.718073564006703e-13,6.648266712192771e-10,2.821862732298263e-16,0.005484504486657858,7.836759979109255e-08
1921,5.71325568250305e-13,6.64209505074567e-10,2.8629108902127833e-16,0.005483012714044269,7.82863036407183e-08
1922,5.708413835085873e-13,6.635895505914352e-10,2.904347628699927e-16,0.005481522122664962,7.82051339532249e-08
1923,5.703548132152065e-13,6.629667944890645e-10,2.94617440912539e-16,0.005480032710974752,7.812409046641223e-08
1924,5.698658684166961e-13,6.623412242270351e-10,2.9883926845894915e-16,0.005478544477431271,7.804317291875953e-08
1925,5.693745601661664e-13,6.617128280043361e-10,3.0310038999136204e-16,0.005477057420494959,7.79623810494231e-08
1926,5.688808995230372e-13,6.610815947582352e-10,3.074009491627281e-16,0.005475571538629063,7.788171459823431e-08
1927,5.683848975527733e-13,6.60447514163005e-10,3.1174108879557404e-16,0.0054740868302996255,7.780117330569749e-08
1928,5.67886565326617e-13,6.598105766285073e-10,3.1612095088082584e-16,0.0054726032939754815,7.77207569129878e-08
1929,5.673859139213246e-13,6.591707732986372e-10,3.205406765766916e-16,0.005471120928128249,7.764046516194922e-08
1930,5.66882954418904e-13,6.585280960496249e-10,3.2500040620760117e-16,0.005469639731232323,7.756029779509242e-08
1931,5.66377697906351e-13,6.578825374881976e-10,3.295002792632025e-16,0.005468159701764873,7.748025455559268e-08
1932,5.658701554753872e-13,6.572340909496023e-10,3.3404043439741506e-16,0.005466680838205831,7.740033518728792e-08
1933,5.653603382221993e-13,6.56582750495488e-10,3.386210094275376e-16,0.005465203139037888,7.732053943467656e-08
1934,5.648482572471793e-13,6.559285109116498e-10,3.432421413334122e-16,0.005463726602746488,7.724086704291551e-08
1935,5.643339236546659e-13,6.552713677056367e-10,3.479039662566407e-16,0.005462251227819819,7.716131775781813e-08
1936,5.638173485526861e-13,6.546113171042216e-10,3.526066194998557e-16,0.005460777012748811,7.708189132585224e-08
1937,5.63298543052697e-13,6.539483560507333e-10,3.5735023552604375e-16,0.005459303956027123,7.700258749413805e-08
1938,5.62777518269331e-13,6.532824822022562e-10,3.621349479579203e-16,0.0054578320561511455,7.692340601044614e-08
1939,5.622542853201384e-13,6.526136939266939e-10,3.669608895773569e-16,0.005456361311619985,7.684434662319549e-08
1940,5.617288553253346e-13,6.519419902996988e-10,3.718281923248582e-16,0.005454891720935465,7.676540908145148e-08
1941,5.61201239407545e-13,6.512673711014722e-10,3.767369872990886e-16,0.005453423282602115,7.668659313492389e-08
1942,5.60671448691554e-13,6.50589836813429e-10,3.8168740475644947e-16,0.005451955995127166,7.660789853396485e-08
1943,5.601394943040513e-13,6.499093886147355e-10,3.866795741107041e-16,0.005450489857020546,7.652932502956699e-08
1944,5.596053873733826e-13,6.492260283787151e-10,3.917136239326509e-16,0.005449024866794869,7.645087237336138e-08
1945,5.590691390292993e-13,6.485397586691304e-10,3.967896819498438e-16,0.005447561022965433,7.637254031761556e-08
1946,5.585307604027092e-13,6.478505827363328e-10,4.0190787504636046e-16,0.005446098324050214,7.629432861523165e-08
1947,5.579902626254287e-13,6.471585045132918e-10,4.07068329262615e-16,0.005444636768569856,7.621623701974435e-08
1948,5.574476568299359e-13,6.464635286114962e-10,4.122711697952173e-16,0.005443176355047669,7.613826528531898e-08
1949,5.569029541491243e-13,6.45765660316736e-10,4.1751652099687747e-16,0.00544171708200962,7.606041316674962e-08
1950,5.563561657160576e-13,6.450649055847585e-10,4.2280450637635354e-16,0.005440258947984328,7.59826804194571e-08
1951,5.55807302663726e-13,6.443612710368082e-10,4.2813524859844346e-16,0.005438801951503057,7.590506679948713e-08
1952,5.552563761248032e-13,6.436547639550472e-10,4.335088694840212e-16,0.005437346091099712,7.582757206350834e-08
1953,5.547033972314032e-13,6.429453922778554e-10,4.38925490010113e-16,0.005435891365310831,7.575019596881044e-08
1954,5.541483771148394e-13,6.4223316459502e-10,4.443852303100183e-16,0.005434437772675579,7.567293827330225e-08
1955,5.53591326905385e-13,6.415180901428071e-10,4.498882096734699e-16,0.005432985311735744,7.559579873550986e-08
1956,5.530322577320332e-13,6.408001787989217e-10,4.554345465468357e-16,0.005431533981035727,7.551877711457465e-08
1957,5.524711807222584e-13,6.40079441077359e-10,4.610243585333625e-16,0.005430083779122541,7.544187317025158e-08
1958,5.519081070017808e-13,6.393558881231434e-10,4.666577623934556e-16,0.005428634704545801,7.536508666290714e-08
1959,5.513430476943288e-13,6.386295317069619e-10,4.723348740450012e-16,0.005427186755857719,7.528841735351757e-08
1960,5.50776013921402e-13,6.379003842196915e-10,4.780558085637247e-16,0.005425739931613099,7.521186500366698e-08
1961,5.502070168020404e-13,6.371684586668218e-10,4.838206801835899e-16,0.005424294230369331,7.513542937554549e-08
1962,5.496360674525887e-13,6.364337686627765e-10,4.896296022972332e-16,0.005422849650686384,7.505911023194743e-08
1963,5.490631769864659e-13,6.356963284251347e-10,4.954826874564359e-16,0.0054214061911268,7.49829073362694e-08
1964,5.484883565139312e-13,6.349561527687512e-10,5.013800473726323e-16,0.005419963850255691,7.490682045250855e-08
1965,5.479116171418568e-13,6.342132570997838e-10,5.073217929174557e-16,0.00541852262664073,7.483084934526066e-08
1966,5.473329699734968e-13,6.334676574096217e-10,5.133080341233167e-16,0.005417082518852144,7.475499377971836e-08
1967,5.467524261082599e-13,6.32719370268726e-10,5.1933888018402e-16,0.005415643525462712,7.467925352166934e-08
1968,5.461699966414817e-13,6.319684128203753e-10,5.254144394554131e-16,0.005414205645047757,7.460362833749447e-08
1969,5.455856926641994e-13,6.312148027743229e-10,5.315348194560696e-16,0.005412768876185141,7.452811799416606e-08
1970,5.449995252629243e-13,6.304585584003699e-10,5.377001268680054e-16,0.005411333217455259,7.445272225924605e-08
1971,5.444115055194216e-13,6.296996985218497e-10,5.439104675374299e-16,0.005409898667441031,7.43774409008842e-08
1972,5.438216445104845e-13,6.289382425090317e-10,5.501659464755278e-16,0.005408465224727901,7.430227368781633e-08
1973,5.432299533077126e-13,6.281742102724443e-10,5.564666678592743e-16,0.005407032887903825,7.422722038936253e-08
1974,5.426364429772919e-13,6.274076222561193e-10,5.628127350322792e-16,0.005405601655559272,7.415228077542538e-08
1975,5.420411245797742e-13,6.266384994307573e-10,5.692042505056652e-16,0.005404171526287213,7.407745461648821e-08
1976,5.414440091698585e-13,6.25866863286822e-10,5.756413159589762e-16,0.005402742498683118,7.400274168361335e-08
1977,5.408451077961732e-13,6.250927358275602e-10,5.821240322411133e-16,0.0054013145713449505,7.392814174844033e-08
1978,5.402444315010593e-13,6.243161395619518e-10,5.886524993713049e-16,0.005399887742873159,7.385365458318417e-08
1979,5.396419913203547e-13,6.235370974975921e-10,5.952268165401007e-16,0.005398462011870673,7.377927996063363e-08
1980,5.390377982831794e-13,6.227556331335082e-10,6.018470821103992e-16,0.0053970373769429,7.37050176541495e-08
1981,5.384318634117221e-13,6.219717704529111e-10,6.085133936185024e-16,0.005395613836697717,7.363086743766282e-08
1982,5.37824197721028e-13,6.211855339158862e-10,6.15225847775196e-16,0.005394191389745463,7.355682908567323e-08
1983,5.372148122187876e-13,6.20396948452026e-10,6.219845404668608e-16,0.005392770034698938,7.34829023732472e-08
1984,5.366037179051248e-13,6.196060394530049e-10,6.287895667566077e-16,0.005391349770173396,7.340908707601633e-08
1985,5.359909257723893e-13,6.18812832765098e-10,6.356410208854434e-16,0.005389930594786535,7.333538297017564e-08
1986,5.353764468049475e-13,6.180173546816475e-10,6.425389962734577e-16,0.0053885125071585,7.326178983248191e-08
1987,5.347602919789762e-13,6.172196319354819e-10,6.494835855210414e-16,0.0053870955059118686,7.318830744025197e-08
1988,5.341424722622548e-13,6.164196916912828e-10,6.56474880410126e-16,0.005385679589671651,7.311493557136098e-08
1989,5.335229986139627e-13,6.156175615379083e-10,6.635129719054506e-16,0.0053842647570652834,7.304167400424082e-08
1990,5.329018819844741e-13,6.148132694806707e-10,6.705979501558518e-16,0.005382851006722621,7.296852251787835e-08
1991,5.322791333151543e-13,6.140068439335754e-10,6.777299044955797e-16,0.005381438337275934,7.289548089181378e-08
1992,5.316547635381595e-13,6.131983137115203e-10,6.849089234456386e-16,0.0053800267473599036,7.282254890613899e-08
1993,5.31028783576236e-13,6.123877080224534e-10,6.921350947151467e-16,0.00537861623561161,7.274972634149589e-08
1994,5.304012043425191e-13,6.115750564595042e-10,6.99408505202723e-16,0.005377206800670537,7.267701297907476e-08
1995,5.29772036740337e-13,6.107603889930758e-10,7.067292409978969e-16,0.005375798441178558,7.260440860061259e-08
1996,5.291412916630116e-13,6.099437359629089e-10,7.140973873825375e-16,0.005374391155779936,7.25319129883915e-08
1997,5.285089799936633e-13,6.091251280701201e-10,7.215130288323086e-16,0.005372984943121314,7.245952592523702e-08
1998,5.278751126050143e-13,6.083045963692104e-10,7.289762490181409e-16,0.005371579801851711,7.238724719451654e-08
1999,5.272397003591962e-13,6.074821722600534e-10,7.364871308077301e-16,0.005370175730622523,7.231507658013766e-08
2000,5.266027541075564e-13,6.066578874798615e-10,7.440457562670529e-16,0.005368772728087505,7.224301386654655e-08
